證券代號,證券名稱,類型,上市櫃,產業,股票
006201,元大富櫃50,ETF,上櫃,,元大富櫃50(006201)
00679B,元大美債20年,ETF,上櫃,,元大美債20年(00679B)
00687B,國泰20年美債,ETF,上櫃,,國泰20年美債(00687B)
00694B,富邦美債1-3年,ETF,上櫃,,富邦美債1-3年(00694B)
00695B,富邦美債7-10年,ETF,上櫃,,富邦美債7-10年(00695B)
00696B,富邦美債20年,ETF,上櫃,,富邦美債20年(00696B)
00697B,元大美債7-10,ETF,上櫃,,元大美債7-10(00697B)
00718B,富邦中國政策債,ETF,上櫃,,富邦中國政策債(00718B)
00719B,元大美債1-3,ETF,上櫃,,元大美債1-3(00719B)
00720B,元大投資級公司債,ETF,上櫃,,元大投資級公司債(00720B)
00722B,群益投資級電信債,ETF,上櫃,,群益投資級電信債(00722B)
00723B,群益投資級科技債,ETF,上櫃,,群益投資級科技債(00723B)
00724B,群益投資級金融債,ETF,上櫃,,群益投資級金融債(00724B)
00725B,國泰投資級公司債,ETF,上櫃,,國泰投資級公司債(00725B)
00726B,國泰新興投等債,ETF,上櫃,,國泰新興投等債(00726B)
00727B,國泰優選非投等債,ETF,上櫃,,國泰優選非投等債(00727B)
00734B,台新JPM新興債,ETF,上櫃,,台新JPM新興債(00734B)
00740B,富邦全球投等債,ETF,上櫃,,富邦全球投等債(00740B)
00741B,富邦全球非投等債,ETF,上櫃,,富邦全球非投等債(00741B)
00746B,富邦A級公司債,ETF,上櫃,,富邦A級公司債(00746B)
00749B,凱基新興債10+,ETF,上櫃,,凱基新興債10+(00749B)
00750B,凱基科技債10+,ETF,上櫃,,凱基科技債10+(00750B)
00751B,元大AAA至A公司債,ETF,上櫃,,元大AAA至A公司債(00751B)
00754B,群益AAA-AA公司債,ETF,上櫃,,群益AAA-AA公司債(00754B)
00755B,群益投資級公用債,ETF,上櫃,,群益投資級公用債(00755B)
00756B,群益投等新興公債,ETF,上櫃,,群益投等新興公債(00756B)
00758B,復華能源債,ETF,上櫃,,復華能源債(00758B)
00759B,復華製藥債,ETF,上櫃,,復華製藥債(00759B)
00760B,復華新興企業債,ETF,上櫃,,復華新興企業債(00760B)
00761B,國泰A級公司債,ETF,上櫃,,國泰A級公司債(00761B)
00764B,群益25年美債,ETF,上櫃,,群益25年美債(00764B)
00768B,復華20年美債,ETF,上櫃,,復華20年美債(00768B)
00772B,中信高評級公司債,ETF,上櫃,,中信高評級公司債(00772B)
00773B,中信優先金融債,ETF,上櫃,,中信優先金融債(00773B)
00777B,凱基AAA至A公司債,ETF,上櫃,,凱基AAA至A公司債(00777B)
00778B,凱基金融債20+,ETF,上櫃,,凱基金融債20+(00778B)
00779B,凱基美債25+,ETF,上櫃,,凱基美債25+(00779B)
00780B,國泰A級金融債,ETF,上櫃,,國泰A級金融債(00780B)
00781B,國泰A級科技債,ETF,上櫃,,國泰A級科技債(00781B)
00782B,國泰A級公用債,ETF,上櫃,,國泰A級公用債(00782B)
00784B,富邦中國投等債,ETF,上櫃,,富邦中國投等債(00784B)
00785B,富邦金融投等債,ETF,上櫃,,富邦金融投等債(00785B)
00786B,元大10年IG銀行債,ETF,上櫃,,元大10年IG銀行債(00786B)
00787B,元大10年IG醫療債,ETF,上櫃,,元大10年IG醫療債(00787B)
00788B,元大10年IG電能債,ETF,上櫃,,元大10年IG電能債(00788B)
00789B,復華公司債A3,ETF,上櫃,,復華公司債A3(00789B)
00790B,復華次順位金融債,ETF,上櫃,,復華次順位金融債(00790B)
00791B,復華信用債1-5,ETF,上櫃,,復華信用債1-5(00791B)
00792B,群益A級公司債,ETF,上櫃,,群益A級公司債(00792B)
00793B,群益AAA-A醫療債,ETF,上櫃,,群益AAA-A醫療債(00793B)
00794B,群益7+中國政金債,ETF,上櫃,,群益7+中國政金債(00794B)
00795B,中信美國公債20年,ETF,上櫃,,中信美國公債20年(00795B)
00799B,國泰A級醫療債,ETF,上櫃,,國泰A級醫療債(00799B)
00834B,第一金金融債10+,ETF,上櫃,,第一金金融債10+(00834B)
00836B,永豐10年A公司債,ETF,上櫃,,永豐10年A公司債(00836B)
00838B,永豐7-10年中國債,ETF,上櫃,,永豐7-10年中國債(00838B)
00840B,凱基IG精選15+,ETF,上櫃,,凱基IG精選15+(00840B)
00841B,凱基AAA-AA公司債,ETF,上櫃,,凱基AAA-AA公司債(00841B)
00842B,台新美元銀行債,ETF,上櫃,,台新美元銀行債(00842B)
00844B,新光15年IG金融債,ETF,上櫃,,新光15年IG金融債(00844B)
00845B,富邦新興投等債,ETF,上櫃,,富邦新興投等債(00845B)
00846B,富邦歐洲銀行債,ETF,上櫃,,富邦歐洲銀行債(00846B)
00847B,中信美國市政債,ETF,上櫃,,中信美國市政債(00847B)
00848B,中信新興亞洲債,ETF,上櫃,,中信新興亞洲債(00848B)
00849B,中信EM主權債0-5,ETF,上櫃,,中信EM主權債0-5(00849B)
00853B,統一美債10年Aa-A,ETF,上櫃,,統一美債10年Aa-A(00853B)
00856B,永豐1-3年美公債,ETF,上櫃,,永豐1-3年美公債(00856B)
00857B,永豐20年美公債,ETF,上櫃,,永豐20年美公債(00857B)
00858,永豐美國500大,ETF,上櫃,,永豐美國500大(00858)
00859B,群益0-1年美債,ETF,上櫃,,群益0-1年美債(00859B)
00860B,群益1-5Y投資級債,ETF,上櫃,,群益1-5Y投資級債(00860B)
00862B,中信投資級公司債,ETF,上櫃,,中信投資級公司債(00862B)
00863B,中信全球電信債,ETF,上櫃,,中信全球電信債(00863B)
00864B,中信美國公債0-1,ETF,上櫃,,中信美國公債0-1(00864B)
00867B,新光A-BBB電信債,ETF,上櫃,,新光A-BBB電信債(00867B)
00870B,元大15年EM主權債,ETF,上櫃,,元大15年EM主權債(00870B)
00877,復華中國5G,ETF,上櫃,,復華中國5G(00877)
00883B,中信ESG投資級債,ETF,上櫃,,中信ESG投資級債(00883B)
00884B,中信低碳新興債,ETF,上櫃,,中信低碳新興債(00884B)
00886,永豐美國科技,ETF,上櫃,,永豐美國科技(00886)
00887,永豐中國科技50大,ETF,上櫃,,永豐中國科技50大(00887)
00888,永豐台灣ESG,ETF,上櫃,,永豐台灣ESG(00888)
00890B,凱基ESG BBB 債 15+,ETF,上櫃,,凱基ESG BBB 債 15+(00890B)
00928,中信上櫃ESG 30,ETF,上櫃,,中信上櫃ESG 30(00928)
00931B,統一美債20年,ETF,上櫃,,統一美債20年(00931B)
00933B,國泰10Y+金融債,ETF,上櫃,,國泰10Y+金融債(00933B)
00937B,群益ESG投等債20+,ETF,上櫃,,群益ESG投等債20+(00937B)
00942B,台新美A公司債20+,ETF,上櫃,,台新美A公司債20+(00942B)
00948B,中信優息投資級債,ETF,上櫃,,中信優息投資級債(00948B)
00950B,凱基A級公司債,ETF,上櫃,,凱基A級公司債(00950B)
00955,中信日本商社,ETF,上櫃,,中信日本商社(00955)
00957B,兆豐US優選投等債,ETF,上櫃,,兆豐US優選投等債(00957B)
00958B,永豐ESG銀行債15+,ETF,上櫃,,永豐ESG銀行債15+(00958B)
00959B,大華投等美債15Y+,ETF,上櫃,,大華投等美債15Y+(00959B)
1240,茂生農經,股票,上櫃,農業科技業,茂生農經(1240)
1259,安心,股票,上櫃,觀光餐旅,安心(1259)
1264,德麥,股票,上櫃,食品工業,德麥(1264)
1268,漢來美食,股票,上櫃,觀光餐旅,漢來美食(1268)
1294,漢田生技,股票,上櫃,食品工業,漢田生技(1294)
1336,台翰,股票,上櫃,電子零組件業,台翰(1336)
1565,精華,股票,上櫃,生技醫療業,精華(1565)
1569,濱川,股票,上櫃,電腦及週邊設備業,濱川(1569)
1570,力肯,股票,上櫃,電機機械,力肯(1570)
1580,新麥,股票,上櫃,電機機械,新麥(1580)
1584,精剛,股票,上櫃,其他業,精剛(1584)
1586,和勤,股票,上櫃,電機機械,和勤(1586)
1591,駿吉-KY,股票,上櫃,電機機械,駿吉-KY(1591)
1593,祺驊,股票,上櫃,運動休閒,祺驊(1593)
1595,川寶,股票,上櫃,電子零組件業,川寶(1595)
1599,宏佳騰,股票,上櫃,電機機械,宏佳騰(1599)
1742,台蠟,股票,上櫃,化學工業,台蠟(1742)
1777,生泰,股票,上櫃,生技醫療業,生泰(1777)
1781,合世,股票,上櫃,生技醫療業,合世(1781)
1784,訊聯,股票,上櫃,生技醫療業,訊聯(1784)
1785,光洋科,股票,上櫃,其他電子業,光洋科(1785)
1788,杏昌,股票,上櫃,生技醫療業,杏昌(1788)
1796,金穎生技,股票,上櫃,食品工業,金穎生技(1796)
1799,易威,股票,上櫃,生技醫療業,易威(1799)
1813,寶利徠,股票,上櫃,生技醫療業,寶利徠(1813)
1815,富喬,股票,上櫃,電子零組件業,富喬(1815)
2035,唐榮,股票,上櫃,鋼鐵工業,唐榮(2035)
2061,風青,股票,上櫃,電器電纜,風青(2061)
2063,世鎧,股票,上櫃,鋼鐵工業,世鎧(2063)
2064,晉椿,股票,上櫃,鋼鐵工業,晉椿(2064)
2065,世豐,股票,上櫃,鋼鐵工業,世豐(2065)
2066,世德,股票,上櫃,電機機械,世德(2066)
2067,嘉鋼,股票,上櫃,電機機械,嘉鋼(2067)
2070,精湛,股票,上櫃,電機機械,精湛(2070)
2073,雄順,股票,上櫃,鋼鐵工業,雄順(2073)
2221,大甲,股票,上櫃,其他業,大甲(2221)
2230,泰茂,股票,上櫃,電機機械,泰茂(2230)
2235,謚源,股票,上櫃,電機機械,謚源(2235)
2596,綠意,股票,上櫃,建材營造業,綠意(2596)
2640,大車隊,股票,上櫃,數位雲端,大車隊(2640)
2641,正德,股票,上櫃,航運業,正德(2641)
2643,捷迅,股票,上櫃,航運業,捷迅(2643)
2718,晶悅,股票,上櫃,建材營造業,晶悅(2718)
2719,燦星旅,股票,上櫃,觀光餐旅,燦星旅(2719)
2724,藝舍-KY,股票,上櫃,觀光餐旅,藝舍-KY(2724)
2726,雅茗-KY,股票,上櫃,觀光餐旅,雅茗-KY(2726)
2729,瓦城,股票,上櫃,觀光餐旅,瓦城(2729)
2732,六角,股票,上櫃,觀光餐旅,六角(2732)
2734,易飛網,股票,上櫃,觀光餐旅,易飛網(2734)
2736,富野,股票,上櫃,觀光餐旅,富野(2736)
2740,天蔥,股票,上櫃,觀光餐旅,天蔥(2740)
2743,山富,股票,上櫃,觀光餐旅,山富(2743)
2745,五福,股票,上櫃,觀光餐旅,五福(2745)
2751,王座,股票,上櫃,觀光餐旅,王座(2751)
2752,豆府,股票,上櫃,觀光餐旅,豆府(2752)
2754,亞洲藏壽司,股票,上櫃,觀光餐旅,亞洲藏壽司(2754)
2755,揚秦,股票,上櫃,觀光餐旅,揚秦(2755)
2756,聯發國際,股票,上櫃,觀光餐旅,聯發國際(2756)
2916,滿心,股票,上櫃,居家生活,滿心(2916)
2924,宏太-KY,股票,上櫃,居家生活,宏太-KY(2924)
2926,誠品生活,股票,上櫃,文化創意業,誠品生活(2926)
2937,集雅社,股票,上櫃,居家生活,集雅社(2937)
2941,米斯特,股票,上櫃,居家生活,米斯特(2941)
2947,振宇五金,股票,上櫃,居家生活,振宇五金(2947)
2948,寶陞,股票,上櫃,居家生活,寶陞(2948)
2949,欣新網,股票,上櫃,數位雲端,欣新網(2949)
3064,泰偉,股票,上櫃,文化創意業,泰偉(3064)
3066,李洲,股票,上櫃,光電業,李洲(3066)
3067,全域,股票,上櫃,其他電子業,全域(3067)
3071,協禧,股票,上櫃,電腦及週邊設備業,協禧(3071)
3073,天方能源,股票,上櫃,綠能環保,天方能源(3073)
3078,僑威,股票,上櫃,電子零組件業,僑威(3078)
3081,聯亞,股票,上櫃,通信網路業,聯亞(3081)
3083,網龍,股票,上櫃,文化創意業,網龍(3083)
3085,新零售,股票,上櫃,數位雲端,新零售(3085)
3086,華義,股票,上櫃,文化創意業,華義(3086)
3088,艾訊,股票,上櫃,電腦及週邊設備業,艾訊(3088)
3093,港建*,股票,上櫃,其他電子業,港建*(3093)
3095,及成,股票,上櫃,通信網路業,及成(3095)
3105,穩懋,股票,上櫃,半導體業,穩懋(3105)
3114,好德,股票,上櫃,電子零組件業,好德(3114)
3115,富榮綱,股票,上櫃,電子零組件業,富榮綱(3115)
3118,進階,股票,上櫃,生技醫療業,進階(3118)
3122,笙泉,股票,上櫃,半導體業,笙泉(3122)
3128,昇銳,股票,上櫃,光電業,昇銳(3128)
3131,弘塑,股票,上櫃,其他電子業,弘塑(3131)
3141,晶宏,股票,上櫃,半導體業,晶宏(3141)
3147,大綜,股票,上櫃,資訊服務業,大綜(3147)
3152,璟德,股票,上櫃,通信網路業,璟德(3152)
3162,精確,股票,上櫃,電機機械,精確(3162)
3163,波若威,股票,上櫃,通信網路業,波若威(3163)
3169,亞信,股票,上櫃,半導體業,亞信(3169)
3171,炎洲流通,股票,上櫃,居家生活,炎洲流通(3171)
3176,基亞,股票,上櫃,生技醫療業,基亞(3176)
3178,公準,股票,上櫃,半導體業,公準(3178)
3188,鑫龍騰,股票,上櫃,建材營造業,鑫龍騰(3188)
3191,雲嘉南,股票,上櫃,電子零組件業,雲嘉南(3191)
3202,樺晟,股票,上櫃,電子零組件業,樺晟(3202)
3205,佰研,股票,上櫃,生技醫療業,佰研(3205)
3206,志豐,股票,上櫃,電子零組件業,志豐(3206)
3207,耀勝,股票,上櫃,電子零組件業,耀勝(3207)
3211,順達,股票,上櫃,電腦及週邊設備業,順達(3211)
3213,茂訊,股票,上櫃,電腦及週邊設備業,茂訊(3213)
3217,優群,股票,上櫃,電子零組件業,優群(3217)
3218,大學光,股票,上櫃,生技醫療業,大學光(3218)
3219,倚強科,股票,上櫃,其他電子業,倚強科(3219)
3221,台嘉碩,股票,上櫃,通信網路業,台嘉碩(3221)
3224,三顧,股票,上櫃,電子通路業,三顧(3224)
3226,至寶電,股票,上櫃,電機機械,至寶電(3226)
3227,原相,股票,上櫃,半導體業,原相(3227)
3228,金麗科,股票,上櫃,半導體業,金麗科(3228)
3230,錦明,股票,上櫃,光電業,錦明(3230)
3232,昱捷,股票,上櫃,電子通路業,昱捷(3232)
3234,光環,股票,上櫃,通信網路業,光環(3234)
3236,千如,股票,上櫃,電子零組件業,千如(3236)
3252,海灣,股票,上櫃,觀光餐旅,海灣(3252)
3259,鑫創,股票,上櫃,半導體業,鑫創(3259)
3260,威剛,股票,上櫃,半導體業,威剛(3260)
3264,欣銓,股票,上櫃,半導體業,欣銓(3264)
3265,台星科,股票,上櫃,半導體業,台星科(3265)
3268,海德威,股票,上櫃,半導體業,海德威(3268)
3272,東碩,股票,上櫃,電腦及週邊設備業,東碩(3272)
3276,宇環,股票,上櫃,電子零組件業,宇環(3276)
3284,太普高,股票,上櫃,其他業,太普高(3284)
3285,微端,股票,上櫃,其他電子業,微端(3285)
3287,廣寰科,股票,上櫃,電腦及週邊設備業,廣寰科(3287)
3288,點晶,股票,上櫃,電子零組件業,點晶(3288)
3289,宜特,股票,上櫃,其他電子業,宜特(3289)
3290,東浦,股票,上櫃,電子零組件業,東浦(3290)
3293,鈊象,股票,上櫃,文化創意業,鈊象(3293)
3294,英濟,股票,上櫃,電子零組件業,英濟(3294)
3297,杭特,股票,上櫃,光電業,杭特(3297)
3303,岱稜,股票,上櫃,其他電子業,岱稜(3303)
3306,鼎天,股票,上櫃,通信網路業,鼎天(3306)
3310,佳穎,股票,上櫃,電子零組件業,佳穎(3310)
3313,斐成,股票,上櫃,其他業,斐成(3313)
3317,尼克森,股票,上櫃,半導體業,尼克森(3317)
3322,建舜電,股票,上櫃,電子零組件業,建舜電(3322)
3323,加百裕,股票,上櫃,電腦及週邊設備業,加百裕(3323)
3324,雙鴻,股票,上櫃,其他電子業,雙鴻(3324)
3325,旭品,股票,上櫃,電腦及週邊設備業,旭品(3325)
3332,幸康,股票,上櫃,電子零組件業,幸康(3332)
3339,泰谷,股票,上櫃,光電業,泰谷(3339)
3349,寶德,股票,上櫃,電腦及週邊設備業,寶德(3349)
3354,律勝,股票,上櫃,電子零組件業,律勝(3354)
3357,臺慶科,股票,上櫃,電子零組件業,臺慶科(3357)
3360,尚立,股票,上櫃,電子通路業,尚立(3360)
3362,先進光,股票,上櫃,光電業,先進光(3362)
3363,上詮,股票,上櫃,通信網路業,上詮(3363)
3372,典範,股票,上櫃,半導體業,典範(3372)
3373,熱映,股票,上櫃,其他電子業,熱映(3373)
3374,精材,股票,上櫃,半導體業,精材(3374)
3379,彬台,股票,上櫃,電機機械,彬台(3379)
3388,崇越電,股票,上櫃,電子零組件業,崇越電(3388)
3390,旭軟,股票,上櫃,電子零組件業,旭軟(3390)
3402,漢科,股票,上櫃,其他電子業,漢科(3402)
3426,台興,股票,上櫃,電機機械,台興(3426)
3430,奇鈦科,股票,上櫃,化學工業,奇鈦科(3430)
3434,哲固,股票,上櫃,光電業,哲固(3434)
3438,類比科,股票,上櫃,半導體業,類比科(3438)
3441,聯一光,股票,上櫃,光電業,聯一光(3441)
3444,利機,股票,上櫃,電子通路業,利機(3444)
3455,由田,股票,上櫃,光電業,由田(3455)
3465,進泰電子,股票,上櫃,其他電子業,進泰電子(3465)
3466,德晉,股票,上櫃,通信網路業,德晉(3466)
3479,安勤,股票,上櫃,電腦及週邊設備業,安勤(3479)
3483,力致,股票,上櫃,電腦及週邊設備業,力致(3483)
3484,崧騰,股票,上櫃,電子零組件業,崧騰(3484)
3489,森寶,股票,上櫃,建材營造業,森寶(3489)
3490,單井,股票,上櫃,光電業,單井(3490)
3491,昇達科,股票,上櫃,通信網路業,昇達科(3491)
3492,長盛,股票,上櫃,電子零組件業,長盛(3492)
3498,陽程,股票,上櫃,其他電子業,陽程(3498)
3499,環天科,股票,上櫃,通信網路業,環天科(3499)
3508,位速,股票,上櫃,其他電子業,位速(3508)
3511,矽瑪,股票,上櫃,電子零組件業,矽瑪(3511)
3512,皇龍,股票,上櫃,建材營造業,皇龍(3512)
3516,亞帝歐,股票,上櫃,光電業,亞帝歐(3516)
3520,華盈,股票,上櫃,電子零組件業,華盈(3520)
3521,鴻翊,股票,上櫃,電腦及週邊設備業,鴻翊(3521)
3522,御嵿,股票,上櫃,觀光餐旅,御嵿(3522)
3523,迎輝,股票,上櫃,光電業,迎輝(3523)
3526,凡甲,股票,上櫃,電子零組件業,凡甲(3526)
3527,聚積,股票,上櫃,半導體業,聚積(3527)
3529,力旺,股票,上櫃,半導體業,力旺(3529)
3531,先益,股票,上櫃,光電業,先益(3531)
3537,堡達,股票,上櫃,電子零組件業,堡達(3537)
3540,曜越,股票,上櫃,電腦及週邊設備業,曜越(3540)
3541,西柏,股票,上櫃,其他電子業,西柏(3541)
3546,宇峻,股票,上櫃,文化創意業,宇峻(3546)
3548,兆利,股票,上櫃,電子零組件業,兆利(3548)
3551,世禾,股票,上櫃,綠能環保,世禾(3551)
3552,同致,股票,上櫃,其他電子業,同致(3552)
3555,博士旺,股票,上櫃,半導體業,博士旺(3555)
3556,禾瑞亞,股票,上櫃,半導體業,禾瑞亞(3556)
3558,神準,股票,上櫃,通信網路業,神準(3558)
3564,其陽,股票,上櫃,通信網路業,其陽(3564)
3567,逸昌,股票,上櫃,半導體業,逸昌(3567)
3570,大塚,股票,上櫃,資訊服務業,大塚(3570)
3577,泓格,股票,上櫃,電腦及週邊設備業,泓格(3577)
3580,友威科,股票,上櫃,其他電子業,友威科(3580)
3581,博磊,股票,上櫃,半導體業,博磊(3581)
3587,閎康,股票,上櫃,其他電子業,閎康(3587)
3594,磐儀,股票,上櫃,電腦及週邊設備業,磐儀(3594)
3597,映興,股票,上櫃,電子零組件業,映興(3597)
3609,三一東林,股票,上櫃,電子零組件業,三一東林(3609)
3611,鼎翰,股票,上櫃,電腦及週邊設備業,鼎翰(3611)
3615,安可,股票,上櫃,光電業,安可(3615)
3623,富晶通,股票,上櫃,光電業,富晶通(3623)
3624,光頡,股票,上櫃,電子零組件業,光頡(3624)
3625,西勝,股票,上櫃,電腦及週邊設備業,西勝(3625)
3628,盈正,股票,上櫃,其他電子業,盈正(3628)
3629,地心引力,股票,上櫃,文化創意業,地心引力(3629)
3630,新鉅科,股票,上櫃,光電業,新鉅科(3630)
3631,晟楠,股票,上櫃,電子零組件業,晟楠(3631)
3632,研勤,股票,上櫃,通信網路業,研勤(3632)
3646,艾恩特,股票,上櫃,電子零組件業,艾恩特(3646)
3663,鑫科,股票,上櫃,其他電子業,鑫科(3663)
3664,安瑞-KY,股票,上櫃,通信網路業,安瑞-KY(3664)
3666,光耀,股票,上櫃,光電業,光耀(3666)
3672,康聯訊,股票,上櫃,通信網路業,康聯訊(3672)
3675,德微,股票,上櫃,半導體業,德微(3675)
3680,家登,股票,上櫃,半導體業,家登(3680)
3684,榮昌,股票,上櫃,通信網路業,榮昌(3684)
3685,元創精密,股票,上櫃,電機機械,元創精密(3685)
3687,歐買尬,股票,上櫃,數位雲端,歐買尬(3687)
3689,湧德,股票,上櫃,電子零組件業,湧德(3689)
3691,碩禾,股票,上櫃,光電業,碩禾(3691)
3693,營邦,股票,上櫃,電腦及週邊設備業,營邦(3693)
3707,漢磊,股票,上櫃,半導體業,漢磊(3707)
3709,鑫聯大投控,股票,上櫃,電腦及週邊設備業,鑫聯大投控(3709)
3710,連展投控,股票,上櫃,電子零組件業,連展投控(3710)
3713,新晶投控,股票,上櫃,綠能環保,新晶投控(3713)
4102,永日,股票,上櫃,生技醫療業,永日(4102)
4105,東洋,股票,上櫃,生技醫療業,東洋(4105)
4107,邦特,股票,上櫃,生技醫療業,邦特(4107)
4109,加捷生醫,股票,上櫃,生技醫療業,加捷生醫(4109)
4111,濟生,股票,上櫃,生技醫療業,濟生(4111)
4113,聯上,股票,上櫃,建材營造業,聯上(4113)
4114,健喬,股票,上櫃,生技醫療業,健喬(4114)
4116,明基醫,股票,上櫃,生技醫療業,明基醫(4116)
4120,友華,股票,上櫃,生技醫療業,友華(4120)
4121,優盛,股票,上櫃,生技醫療業,優盛(4121)
4123,晟德,股票,上櫃,生技醫療業,晟德(4123)
4126,太醫,股票,上櫃,生技醫療業,太醫(4126)
4127,天良,股票,上櫃,生技醫療業,天良(4127)
4128,中天,股票,上櫃,生技醫療業,中天(4128)
4129,聯合,股票,上櫃,生技醫療業,聯合(4129)
4130,健亞,股票,上櫃,生技醫療業,健亞(4130)
4131,浩泰,股票,上櫃,生技醫療業,浩泰(4131)
4138,曜亞,股票,上櫃,生技醫療業,曜亞(4138)
4139,馬光-KY,股票,上櫃,生技醫療業,馬光-KY(4139)
4147,中裕,股票,上櫃,生技醫療業,中裕(4147)
4153,鈺緯,股票,上櫃,生技醫療業,鈺緯(4153)
4154,樂威科-KY,股票,上櫃,其他業,樂威科-KY(4154)
4157,太景*-KY,股票,上櫃,生技醫療業,太景*-KY(4157)
4160,訊聯基因,股票,上櫃,生技醫療業,訊聯基因(4160)
4161,聿新科,股票,上櫃,生技醫療業,聿新科(4161)
4162,智擎,股票,上櫃,生技醫療業,智擎(4162)
4163,鐿鈦,股票,上櫃,生技醫療業,鐿鈦(4163)
4167,松瑞藥,股票,上櫃,生技醫療業,松瑞藥(4167)
4168,醣聯,股票,上櫃,生技醫療業,醣聯(4168)
4171,瑞基,股票,上櫃,農業科技業,瑞基(4171)
4173,久裕,股票,上櫃,生技醫療業,久裕(4173)
4174,浩鼎,股票,上櫃,生技醫療業,浩鼎(4174)
4175,杏一,股票,上櫃,生技醫療業,杏一(4175)
4183,福永生技,股票,上櫃,生技醫療業,福永生技(4183)
4188,安克,股票,上櫃,生技醫療業,安克(4188)
4192,杏國,股票,上櫃,生技醫療業,杏國(4192)
4198,欣大健康,股票,上櫃,生技醫療業,欣大健康(4198)
4205,中華食,股票,上櫃,食品工業,中華食(4205)
4207,環泰,股票,上櫃,食品工業,環泰(4207)
4303,信立,股票,上櫃,塑膠工業,信立(4303)
4304,勝昱,股票,上櫃,塑膠工業,勝昱(4304)
4305,世坤,股票,上櫃,塑膠工業,世坤(4305)
4401,東隆興,股票,上櫃,紡織纖維,東隆興(4401)
4402,郡都開發,股票,上櫃,紡織纖維,郡都開發(4402)
4406,新昕纖,股票,上櫃,紡織纖維,新昕纖(4406)
4413,飛寶企業,股票,上櫃,紡織纖維,飛寶企業(4413)
4416,三圓,股票,上櫃,建材營造業,三圓(4416)
4417,金洲,股票,上櫃,紡織纖維,金洲(4417)
4419,皇家美食,股票,上櫃,觀光餐旅,皇家美食(4419)
4420,光明,股票,上櫃,紡織纖維,光明(4420)
4430,耀億,股票,上櫃,其他業,耀億(4430)
4432,銘旺實,股票,上櫃,紡織纖維,銘旺實(4432)
4433,興采,股票,上櫃,紡織纖維,興采(4433)
4442,竣邦-KY,股票,上櫃,紡織纖維,竣邦-KY(4442)
4502,健信,股票,上櫃,電機機械,健信(4502)
4503,金雨,股票,上櫃,電機機械,金雨(4503)
4506,崇友,股票,上櫃,電機機械,崇友(4506)
4510,高鋒,股票,上櫃,電機機械,高鋒(4510)
4513,福裕,股票,上櫃,電機機械,福裕(4513)
4523,永彰,股票,上櫃,電機機械,永彰(4523)
4527,方土霖,股票,上櫃,電機機械,方土霖(4527)
4528,江興鍛,股票,上櫃,電機機械,江興鍛(4528)
4529,淳紳,股票,上櫃,其他業,淳紳(4529)
4530,宏易,股票,上櫃,觀光餐旅,宏易(4530)
4533,協易機,股票,上櫃,電機機械,協易機(4533)
4534,慶騰,股票,上櫃,電機機械,慶騰(4534)
4535,至興,股票,上櫃,電機機械,至興(4535)
4538,大詠城,股票,上櫃,電機機械,大詠城(4538)
4541,晟田,股票,上櫃,其他業,晟田(4541)
4542,科嶠,股票,上櫃,電子零組件業,科嶠(4542)
4543,萬在,股票,上櫃,電機機械,萬在(4543)
4549,桓達,股票,上櫃,電機機械,桓達(4549)
4550,長佳,股票,上櫃,電機機械,長佳(4550)
4554,橙的,股票,上櫃,其他電子業,橙的(4554)
4556,旭然,股票,上櫃,其他業,旭然(4556)
4558,寶緯,股票,上櫃,電機機械,寶緯(4558)
4561,健椿,股票,上櫃,電機機械,健椿(4561)
4563,百德,股票,上櫃,電機機械,百德(4563)
4568,科際精密,股票,上櫃,電機機械,科際精密(4568)
4577,達航科技,股票,上櫃,其他電子業,達航科技(4577)
4580,捷流閥業,股票,上櫃,電機機械,捷流閥業(4580)
4584,君帆,股票,上櫃,電機機械,君帆(4584)
4609,唐鋒,股票,上櫃,居家生活,唐鋒(4609)
4702,中美實,股票,上櫃,居家生活,中美實(4702)
4706,大恭,股票,上櫃,化學工業,大恭(4706)
4707,磐亞,股票,上櫃,化學工業,磐亞(4707)
4711,永純,股票,上櫃,化學工業,永純(4711)
4714,永捷,股票,上櫃,化學工業,永捷(4714)
4716,大立,股票,上櫃,化學工業,大立(4716)
4721,美琪瑪,股票,上櫃,化學工業,美琪瑪(4721)
4726,永昕,股票,上櫃,生技醫療業,永昕(4726)
4728,雙美,股票,上櫃,生技醫療業,雙美(4728)
4729,熒茂,股票,上櫃,光電業,熒茂(4729)
4735,豪展,股票,上櫃,生技醫療業,豪展(4735)
4741,泓瀚,股票,上櫃,化學工業,泓瀚(4741)
4743,合一,股票,上櫃,生技醫療業,合一(4743)
4744,皇將,股票,上櫃,生技醫療業,皇將(4744)
4745,合富-KY,股票,上櫃,生技醫療業,合富-KY(4745)
4747,強生,股票,上櫃,生技醫療業,強生(4747)
4754,國碳科,股票,上櫃,化學工業,國碳科(4754)
4760,勤凱,股票,上櫃,其他電子業,勤凱(4760)
4767,誠泰科技,股票,上櫃,化學工業,誠泰科技(4767)
4768,晶呈科技,股票,上櫃,化學工業,晶呈科技(4768)
4772,台特化,股票,上櫃,化學工業,台特化(4772)
4804,大略-KY,股票,上櫃,觀光餐旅,大略-KY(4804)
4806,桂田文創,股票,上櫃,文化創意業,桂田文創(4806)
4903,聯光通,股票,上櫃,通信網路業,聯光通(4903)
4905,台聯電,股票,上櫃,通信網路業,台聯電(4905)
4907,富宇,股票,上櫃,建材營造業,富宇(4907)
4908,前鼎,股票,上櫃,通信網路業,前鼎(4908)
4909,新復興,股票,上櫃,通信網路業,新復興(4909)
4911,德英,股票,上櫃,生技醫療業,德英(4911)
4923,力士,股票,上櫃,半導體業,力士(4923)
4924,欣厚-KY,股票,上櫃,電腦及週邊設備業,欣厚-KY(4924)
4931,新盛力,股票,上櫃,電腦及週邊設備業,新盛力(4931)
4933,友輝,股票,上櫃,光電業,友輝(4933)
4939,亞電,股票,上櫃,電子零組件業,亞電(4939)
4945,陞達科技,股票,上櫃,半導體業,陞達科技(4945)
4946,辣椒,股票,上櫃,文化創意業,辣椒(4946)
4950,牧東,股票,上櫃,其他業,牧東(4950)
4951,精拓科,股票,上櫃,半導體業,精拓科(4951)
4953,緯軟,股票,上櫃,資訊服務業,緯軟(4953)
4966,譜瑞-KY,股票,上櫃,半導體業,譜瑞-KY(4966)
4971,IET-KY,股票,上櫃,半導體業,IET-KY(4971)
4972,湯石照明,股票,上櫃,光電業,湯石照明(4972)
4973,廣穎,股票,上櫃,半導體業,廣穎(4973)
4974,亞泰,股票,上櫃,電子零組件業,亞泰(4974)
4979,華星光,股票,上櫃,通信網路業,華星光(4979)
4987,科誠,股票,上櫃,電腦及週邊設備業,科誠(4987)
4991,環宇-KY,股票,上櫃,半導體業,環宇-KY(4991)
4995,晶達,股票,上櫃,光電業,晶達(4995)
5009,榮剛,股票,上櫃,鋼鐵工業,榮剛(5009)
5011,久陽,股票,上櫃,鋼鐵工業,久陽(5011)
5013,強新,股票,上櫃,鋼鐵工業,強新(5013)
5014,建錩,股票,上櫃,鋼鐵工業,建錩(5014)
5015,華祺,股票,上櫃,鋼鐵工業,華祺(5015)
5016,松和,股票,上櫃,鋼鐵工業,松和(5016)
5201,凱衛,股票,上櫃,資訊服務業,凱衛(5201)
5202,力新,股票,上櫃,資訊服務業,力新(5202)
5205,中茂,股票,上櫃,綠能環保,中茂(5205)
5206,坤悅,股票,上櫃,建材營造業,坤悅(5206)
5209,新鼎,股票,上櫃,其他業,新鼎(5209)
5210,寶碩,股票,上櫃,資訊服務業,寶碩(5210)
5211,蒙恬,股票,上櫃,資訊服務業,蒙恬(5211)
5212,凌網,股票,上櫃,資訊服務業,凌網(5212)
5213,亞昕,股票,上櫃,建材營造業,亞昕(5213)
5220,萬達光電,股票,上櫃,光電業,萬達光電(5220)
5223,安力-KY,股票,上櫃,電腦及週邊設備業,安力-KY(5223)
5227,立凱-KY,股票,上櫃,電子零組件業,立凱-KY(5227)
5228,鈺鎧,股票,上櫃,電子零組件業,鈺鎧(5228)
5230,雷笛克光學,股票,上櫃,光電業,雷笛克光學(5230)
5236,凌陽創新,股票,上櫃,半導體業,凌陽創新(5236)
5245,智晶,股票,上櫃,光電業,智晶(5245)
5251,天鉞電,股票,上櫃,光電業,天鉞電(5251)
5263,智崴,股票,上櫃,文化創意業,智崴(5263)
5272,笙科,股票,上櫃,半導體業,笙科(5272)
5274,信驊,股票,上櫃,半導體業,信驊(5274)
5276,達輝-KY,股票,上櫃,其他業,達輝-KY(5276)
5278,尚凡,股票,上櫃,數位雲端,尚凡(5278)
5287,數字,股票,上櫃,數位雲端,數字(5287)
5289,宜鼎,股票,上櫃,電腦及週邊設備業,宜鼎(5289)
5291,邑昇,股票,上櫃,電子零組件業,邑昇(5291)
5299,杰力,股票,上櫃,半導體業,杰力(5299)
5301,寶得利,股票,上櫃,觀光餐旅,寶得利(5301)
5302,太欣,股票,上櫃,半導體業,太欣(5302)
5309,系統電,股票,上櫃,電子零組件業,系統電(5309)
5310,天剛,股票,上櫃,資訊服務業,天剛(5310)
5312,寶島科,股票,上櫃,生技醫療業,寶島科(5312)
5314,世紀,股票,上櫃,半導體業,世紀(5314)
5315,光聯,股票,上櫃,光電業,光聯(5315)
5321,美而快,股票,上櫃,數位雲端,美而快(5321)
5324,士開,股票,上櫃,建材營造業,士開(5324)
5328,華容,股票,上櫃,電子零組件業,華容(5328)
5340,建榮,股票,上櫃,電子零組件業,建榮(5340)
5344,立衛,股票,上櫃,半導體業,立衛(5344)
5345,天揚,股票,上櫃,其他業,天揚(5345)
5347,世界,股票,上櫃,半導體業,世界(5347)
5348,正能量智能,股票,上櫃,通信網路業,正能量智能(5348)
5351,鈺創,股票,上櫃,半導體業,鈺創(5351)
5353,台林,股票,上櫃,通信網路業,台林(5353)
5355,佳總,股票,上櫃,電子零組件業,佳總(5355)
5356,協益,股票,上櫃,電腦及週邊設備業,協益(5356)
5364,力麗店,股票,上櫃,觀光餐旅,力麗店(5364)
5371,中光電,股票,上櫃,光電業,中光電(5371)
5381,合正,股票,上櫃,電子零組件業,合正(5381)
5386,青雲,股票,上櫃,電腦及週邊設備業,青雲(5386)
5392,能率,股票,上櫃,光電業,能率(5392)
5398,慕康生醫,股票,上櫃,其他業,慕康生醫(5398)
5403,中菲,股票,上櫃,資訊服務業,中菲(5403)
5410,國眾,股票,上櫃,資訊服務業,國眾(5410)
5425,台半,股票,上櫃,半導體業,台半(5425)
5426,振發,股票,上櫃,電腦及週邊設備業,振發(5426)
5432,新門,股票,上櫃,綠能環保,新門(5432)
5438,東友,股票,上櫃,電腦及週邊設備業,東友(5438)
5439,高技,股票,上櫃,電子零組件業,高技(5439)
5443,均豪,股票,上櫃,光電業,均豪(5443)
5450,南良,股票,上櫃,其他業,南良(5450)
5452,佶優,股票,上櫃,其他電子業,佶優(5452)
5455,昇益,股票,上櫃,建材營造業,昇益(5455)
5457,宣德,股票,上櫃,電子零組件業,宣德(5457)
5460,同協,股票,上櫃,電子零組件業,同協(5460)
5464,霖宏,股票,上櫃,電子零組件業,霖宏(5464)
5465,富驊,股票,上櫃,電腦及週邊設備業,富驊(5465)
5468,凱鈺,股票,上櫃,半導體業,凱鈺(5468)
5474,聰泰,股票,上櫃,電腦及週邊設備業,聰泰(5474)
5475,德宏,股票,上櫃,電子零組件業,德宏(5475)
5478,智冠,股票,上櫃,文化創意業,智冠(5478)
5481,新華,股票,上櫃,其他業,新華(5481)
5483,中美晶,股票,上櫃,半導體業,中美晶(5483)
5487,通泰,股票,上櫃,半導體業,通泰(5487)
5488,松普,股票,上櫃,電子零組件業,松普(5488)
5489,彩富,股票,上櫃,其他電子業,彩富(5489)
5490,同亨,股票,上櫃,電腦及週邊設備業,同亨(5490)
5493,三聯,股票,上櫃,其他電子業,三聯(5493)
5498,凱崴,股票,上櫃,電子零組件業,凱崴(5498)
5508,永信建,股票,上櫃,建材營造業,永信建(5508)
5511,德昌,股票,上櫃,建材營造業,德昌(5511)
5512,力麒,股票,上櫃,建材營造業,力麒(5512)
5514,三豐,股票,上櫃,建材營造業,三豐(5514)
5516,雙喜,股票,上櫃,建材營造業,雙喜(5516)
5520,力泰,股票,上櫃,建材營造業,力泰(5520)
5523,豐謙,股票,上櫃,建材營造業,豐謙(5523)
5529,鉅陞,股票,上櫃,建材營造業,鉅陞(5529)
5530,龍巖,股票,上櫃,其他業,龍巖(5530)
5536,聖暉*,股票,上櫃,其他電子業,聖暉*(5536)
5543,桓鼎-KY,股票,上櫃,建材營造業,桓鼎-KY(5543)
5548,安倉,股票,上櫃,建材營造業,安倉(5548)
5601,台聯櫃,股票,上櫃,航運業,台聯櫃(5601)
5603,陸海,股票,上櫃,航運業,陸海(5603)
5604,中連,股票,上櫃,其他業,中連(5604)
5609,中菲行,股票,上櫃,航運業,中菲行(5609)
5701,劍湖山,股票,上櫃,觀光餐旅,劍湖山(5701)
5703,亞都,股票,上櫃,觀光餐旅,亞都(5703)
5704,老爺知,股票,上櫃,觀光餐旅,老爺知(5704)
5864,致和證,股票,上櫃,金融保險業,致和證(5864)
5878,台名,股票,上櫃,金融保險業,台名(5878)
5902,德記,股票,上櫃,居家生活,德記(5902)
5903,全家,股票,上櫃,居家生活,全家(5903)
5904,寶雅,股票,上櫃,居家生活,寶雅(5904)
5905,南仁湖,股票,上櫃,觀光餐旅,南仁湖(5905)
6015,宏遠證,股票,上櫃,金融保險業,宏遠證(6015)
6016,康和證,股票,上櫃,金融保險業,康和證(6016)
6020,大展證,股票,上櫃,金融保險業,大展證(6020)
6021,美好證,股票,上櫃,金融保險業,美好證(6021)
6023,元大期,股票,上櫃,金融保險業,元大期(6023)
6026,福邦證,股票,上櫃,金融保險業,福邦證(6026)
6101,寬魚國際,股票,上櫃,文化創意業,寬魚國際(6101)
6103,合邦,股票,上櫃,半導體業,合邦(6103)
6104,創惟,股票,上櫃,半導體業,創惟(6104)
6109,亞元,股票,上櫃,通信網路業,亞元(6109)
6111,大宇資,股票,上櫃,文化創意業,大宇資(6111)
6113,亞矽,股票,上櫃,電子通路業,亞矽(6113)
6114,久威,股票,上櫃,電子零組件業,久威(6114)
6118,建達,股票,上櫃,電子通路業,建達(6118)
6121,新普,股票,上櫃,電腦及週邊設備業,新普(6121)
6122,擎邦,股票,上櫃,電機機械,擎邦(6122)
6123,上奇,股票,上櫃,資訊服務業,上奇(6123)
6124,業強,股票,上櫃,電子零組件業,業強(6124)
6125,廣運,股票,上櫃,光電業,廣運(6125)
6126,信音,股票,上櫃,電子零組件業,信音(6126)
6127,九豪,股票,上櫃,電子零組件業,九豪(6127)
6129,普誠,股票,上櫃,半導體業,普誠(6129)
6130,上亞科技,股票,上櫃,生技醫療業,上亞科技(6130)
6134,萬旭,股票,上櫃,電子零組件業,萬旭(6134)
6138,茂達,股票,上櫃,半導體業,茂達(6138)
6140,訊達,股票,上櫃,資訊服務業,訊達(6140)
6143,振曜,股票,上櫃,通信網路業,振曜(6143)
6144,得利影,股票,上櫃,文化創意業,得利影(6144)
6146,耕興,股票,上櫃,其他電子業,耕興(6146)
6147,頎邦,股票,上櫃,半導體業,頎邦(6147)
6148,驊宏資,股票,上櫃,資訊服務業,驊宏資(6148)
6150,撼訊,股票,上櫃,電腦及週邊設備業,撼訊(6150)
6151,晉倫,股票,上櫃,其他電子業,晉倫(6151)
6154,順發,股票,上櫃,電子通路業,順發(6154)
6156,松上,股票,上櫃,電子零組件業,松上(6156)
6158,禾昌,股票,上櫃,電子零組件業,禾昌(6158)
6160,欣技,股票,上櫃,電腦及週邊設備業,欣技(6160)
6161,捷波,股票,上櫃,電腦及週邊設備業,捷波(6161)
6163,華電網,股票,上櫃,通信網路業,華電網(6163)
6167,久正,股票,上櫃,光電業,久正(6167)
6169,昱泉,股票,上櫃,文化創意業,昱泉(6169)
6170,統振,股票,上櫃,通信網路業,統振(6170)
6171,大城地產,股票,上櫃,建材營造業,大城地產(6171)
6173,信昌電,股票,上櫃,電子零組件業,信昌電(6173)
6174,安碁,股票,上櫃,電子零組件業,安碁(6174)
6175,立敦,股票,上櫃,電子零組件業,立敦(6175)
6179,亞通,股票,上櫃,其他業,亞通(6179)
6180,橘子,股票,上櫃,文化創意業,橘子(6180)
6182,合晶,股票,上櫃,半導體業,合晶(6182)
6185,幃翔,股票,上櫃,電子零組件業,幃翔(6185)
6186,新潤,股票,上櫃,建材營造業,新潤(6186)
6187,萬潤,股票,上櫃,其他電子業,萬潤(6187)
6188,廣明,股票,上櫃,電腦及週邊設備業,廣明(6188)
6190,萬泰科,股票,上櫃,通信網路業,萬泰科(6190)
6194,育富,股票,上櫃,電子零組件業,育富(6194)
6195,詩肯,股票,上櫃,居家生活,詩肯(6195)
6198,瑞築,股票,上櫃,建材營造業,瑞築(6198)
6199,天品,股票,上櫃,其他業,天品(6199)
6203,海韻電,股票,上櫃,電子零組件業,海韻電(6203)
6204,艾華,股票,上櫃,電子零組件業,艾華(6204)
6207,雷科,股票,上櫃,電子零組件業,雷科(6207)
6208,日揚,股票,上櫃,電子零組件業,日揚(6208)
6210,慶生,股票,上櫃,電子零組件業,慶生(6210)
6212,理銘,股票,上櫃,建材營造業,理銘(6212)
6217,中探針,股票,上櫃,電子零組件業,中探針(6217)
6218,豪勉,股票,上櫃,通信網路業,豪勉(6218)
6219,富旺,股票,上櫃,建材營造業,富旺(6219)
6220,岳豐,股票,上櫃,電子零組件業,岳豐(6220)
6221,晉泰,股票,上櫃,資訊服務業,晉泰(6221)
6222,上揚,股票,上櫃,光電業,上揚(6222)
6223,旺矽,股票,上櫃,半導體業,旺矽(6223)
6227,茂綸,股票,上櫃,電子通路業,茂綸(6227)
6228,全譜,股票,上櫃,電腦及週邊設備業,全譜(6228)
6229,研通,股票,上櫃,半導體業,研通(6229)
6231,系微,股票,上櫃,資訊服務業,系微(6231)
6233,旺玖,股票,上櫃,半導體業,旺玖(6233)
6234,高僑,股票,上櫃,光電業,高僑(6234)
6236,中湛,股票,上櫃,其他業,中湛(6236)
6237,驊訊,股票,上櫃,半導體業,驊訊(6237)
6240,松崗,股票,上櫃,其他業,松崗(6240)
6241,易通展,股票,上櫃,通信網路業,易通展(6241)
6242,立康,股票,上櫃,生技醫療業,立康(6242)
6244,茂迪,股票,上櫃,光電業,茂迪(6244)
6245,立端,股票,上櫃,通信網路業,立端(6245)
6246,臺龍,股票,上櫃,光電業,臺龍(6246)
6248,沛波,股票,上櫃,鋼鐵工業,沛波(6248)
6259,百徽,股票,上櫃,電子零組件業,百徽(6259)
6261,久元,股票,上櫃,半導體業,久元(6261)
6263,普萊德,股票,上櫃,通信網路業,普萊德(6263)
6264,富裔,股票,上櫃,建材營造業,富裔(6264)
6265,方土昶,股票,上櫃,電子通路業,方土昶(6265)
6266,泰詠,股票,上櫃,電子零組件業,泰詠(6266)
6270,倍微,股票,上櫃,電子通路業,倍微(6270)
6274,台燿,股票,上櫃,電子零組件業,台燿(6274)
6275,元山,股票,上櫃,電子零組件業,元山(6275)
6276,安鈦克,股票,上櫃,電腦及週邊設備業,安鈦克(6276)
6279,胡連,股票,上櫃,電子零組件業,胡連(6279)
6284,佳邦,股票,上櫃,電子零組件業,佳邦(6284)
6287,元隆,股票,上櫃,半導體業,元隆(6287)
6290,良維,股票,上櫃,電子零組件業,良維(6290)
6291,沛亨,股票,上櫃,半導體業,沛亨(6291)
6292,迅德,股票,上櫃,電子零組件業,迅德(6292)
6294,智基,股票,上櫃,文化創意業,智基(6294)
6411,晶焱,股票,上櫃,半導體業,晶焱(6411)
6417,韋僑,股票,上櫃,通信網路業,韋僑(6417)
6418,詠昇,股票,上櫃,電子零組件業,詠昇(6418)
6419,京晨科,股票,上櫃,光電業,京晨科(6419)
6425,易發,股票,上櫃,電機機械,易發(6425)
6432,今展科,股票,上櫃,電子零組件業,今展科(6432)
6435,大中,股票,上櫃,半導體業,大中(6435)
6441,廣錠,股票,上櫃,電腦及週邊設備業,廣錠(6441)
6457,紘康,股票,上櫃,半導體業,紘康(6457)
6461,益得,股票,上櫃,生技醫療業,益得(6461)
6462,神盾,股票,上櫃,半導體業,神盾(6462)
6465,威潤,股票,上櫃,通信網路業,威潤(6465)
6469,大樹,股票,上櫃,生技醫療業,大樹(6469)
6470,宇智,股票,上櫃,通信網路業,宇智(6470)
6482,弘煜科,股票,上櫃,文化創意業,弘煜科(6482)
6485,點序,股票,上櫃,半導體業,點序(6485)
6486,互動,股票,上櫃,通信網路業,互動(6486)
6488,環球晶,股票,上櫃,半導體業,環球晶(6488)
6492,生華科,股票,上櫃,生技醫療業,生華科(6492)
6494,九齊,股票,上櫃,半導體業,九齊(6494)
6496,科懋,股票,上櫃,生技醫療業,科懋(6496)
6499,益安,股票,上櫃,生技醫療業,益安(6499)
6506,雙邦,股票,上櫃,紡織纖維,雙邦(6506)
6508,惠光,股票,上櫃,農業科技業,惠光(6508)
6509,聚和,股票,上櫃,化學工業,聚和(6509)
6510,精測,股票,上櫃,半導體業,精測(6510)
6512,啟發電,股票,上櫃,其他電子業,啟發電(6512)
6516,勤崴國際,股票,上櫃,資訊服務業,勤崴國際(6516)
6517,保勝光學,股票,上櫃,光電業,保勝光學(6517)
6523,達爾膚,股票,上櫃,生技醫療業,達爾膚(6523)
6527,明達醫,股票,上櫃,生技醫療業,明達醫(6527)
6530,創威,股票,上櫃,通信網路業,創威(6530)
6532,瑞耘,股票,上櫃,半導體業,瑞耘(6532)
6535,順藥,股票,上櫃,生技醫療業,順藥(6535)
6538,倉和,股票,上櫃,電子零組件業,倉和(6538)
6542,隆中,股票,上櫃,文化創意業,隆中(6542)
6546,正基,股票,上櫃,通信網路業,正基(6546)
6547,高端疫苗,股票,上櫃,生技醫療業,高端疫苗(6547)
6548,長科*,股票,上櫃,半導體業,長科*(6548)
6556,勝品,股票,上櫃,光電業,勝品(6556)
6560,欣普羅,股票,上櫃,光電業,欣普羅(6560)
6561,是方,股票,上櫃,通信網路業,是方(6561)
6568,宏觀,股票,上櫃,半導體業,宏觀(6568)
6569,醫揚,股票,上櫃,生技醫療業,醫揚(6569)
6570,維田,股票,上櫃,電腦及週邊設備業,維田(6570)
6574,霈方,股票,上櫃,生技醫療業,霈方(6574)
6576,逸達,股票,上櫃,生技醫療業,逸達(6576)
6577,勁豐,股票,上櫃,電腦及週邊設備業,勁豐(6577)
6578,達邦蛋白,股票,上櫃,農業科技業,達邦蛋白(6578)
6584,南俊國際,股票,上櫃,電子零組件業,南俊國際(6584)
6588,東典光電,股票,上櫃,通信網路業,東典光電(6588)
6589,台康生技,股票,上櫃,生技醫療業,台康生技(6589)
6590,普鴻,股票,上櫃,資訊服務業,普鴻(6590)
6593,台灣銘板,股票,上櫃,資訊服務業,台灣銘板(6593)
6596,寬宏藝術,股票,上櫃,文化創意業,寬宏藝術(6596)
6603,富強鑫,股票,上櫃,電機機械,富強鑫(6603)
6609,瀧澤科,股票,上櫃,電機機械,瀧澤科(6609)
6612,奈米醫材,股票,上櫃,生技醫療業,奈米醫材(6612)
6613,朋億*,股票,上櫃,其他電子業,朋億*(6613)
6615,慧智,股票,上櫃,生技醫療業,慧智(6615)
6616,特昇-KY,股票,上櫃,居家生活,特昇-KY(6616)
6617,共信-KY,股票,上櫃,生技醫療業,共信-KY(6617)
6624,萬年清,股票,上櫃,綠能環保,萬年清(6624)
6629,泰金-KY,股票,上櫃,居家生活,泰金-KY(6629)
6637,醫影,股票,上櫃,生技醫療業,醫影(6637)
6640,均華,股票,上櫃,半導體業,均華(6640)
6642,富致,股票,上櫃,電子零組件業,富致(6642)
6643,M31,股票,上櫃,半導體業,M31(6643)
6649,台生材,股票,上櫃,生技醫療業,台生材(6649)
6651,全宇昕,股票,上櫃,半導體業,全宇昕(6651)
6654,天正國際,股票,上櫃,其他電子業,天正國際(6654)
6661,威健生技,股票,上櫃,生技醫療業,威健生技(6661)
6662,樂斯科,股票,上櫃,生技醫療業,樂斯科(6662)
6664,群翊,股票,上櫃,電子零組件業,群翊(6664)
6667,信紘科,股票,上櫃,其他電子業,信紘科(6667)
6679,鈺太,股票,上櫃,半導體業,鈺太(6679)
6680,鑫創電子,股票,上櫃,電腦及週邊設備業,鑫創電子(6680)
6683,雍智科技,股票,上櫃,半導體業,雍智科技(6683)
6684,安格,股票,上櫃,半導體業,安格(6684)
6690,安碁資訊,股票,上櫃,數位雲端,安碁資訊(6690)
6692,進能服,股票,上櫃,綠能環保,進能服(6692)
6693,廣閎科,股票,上櫃,半導體業,廣閎科(6693)
6697,東捷資訊,股票,上櫃,資訊服務業,東捷資訊(6697)
6703,軒郁,股票,上櫃,生技醫療業,軒郁(6703)
6708,天擎,股票,上櫃,半導體業,天擎(6708)
6712,長聖,股票,上櫃,生技醫療業,長聖(6712)
6716,應廣,股票,上櫃,半導體業,應廣(6716)
6721,信實,股票,上櫃,其他業,信實(6721)
6727,亞泰金屬,股票,上櫃,電子零組件業,亞泰金屬(6727)
6728,上洋,股票,上櫃,居家生活,上洋(6728)
6732,昇佳電子,股票,上櫃,半導體業,昇佳電子(6732)
6733,博晟生醫,股票,上櫃,生技醫療業,博晟生醫(6733)
6735,美達科技,股票,上櫃,其他電子業,美達科技(6735)
6739,竹陞科技,股票,上櫃,其他電子業,竹陞科技(6739)
6741,91APP*-KY,股票,上櫃,數位雲端,91APP*-KY(6741)
6747,亨泰光,股票,上櫃,生技醫療業,亨泰光(6747)
6751,智聯服務,股票,上櫃,資訊服務業,智聯服務(6751)
6752,叡揚,股票,上櫃,資訊服務業,叡揚(6752)
6761,穩得,股票,上櫃,電子零組件業,穩得(6761)
6762,達亞,股票,上櫃,生技醫療業,達亞(6762)
6763,綠界科技*,股票,上櫃,數位雲端,綠界科技*(6763)
6767,台微醫,股票,上櫃,生技醫療業,台微醫(6767)
6785,昱展新藥,股票,上櫃,生技醫療業,昱展新藥(6785)
6788,華景電,股票,上櫃,半導體業,華景電(6788)
6791,虎門科技,股票,上櫃,資訊服務業,虎門科技(6791)
6803,崑鼎,股票,上櫃,綠能環保,崑鼎(6803)
6804,明係,股票,上櫃,運動休閒,明係(6804)
6811,宏碁資訊,股票,上櫃,數位雲端,宏碁資訊(6811)
6821,聯寶,股票,上櫃,電子零組件業,聯寶(6821)
6823,濾能,股票,上櫃,半導體業,濾能(6823)
6829,千附精密,股票,上櫃,電機機械,千附精密(6829)
6840,東研信超,股票,上櫃,其他電子業,東研信超(6840)
6841,長佳智能,股票,上櫃,生技醫療業,長佳智能(6841)
6843,進典,股票,上櫃,電機機械,進典(6843)
6844,諾貝兒,股票,上櫃,生技醫療業,諾貝兒(6844)
6846,綠茵,股票,上櫃,食品工業,綠茵(6846)
6855,數泓科,股票,上櫃,其他電子業,數泓科(6855)
6856,鑫傳,股票,上櫃,文化創意業,鑫傳(6856)
6859,伯特光,股票,上櫃,光電業,伯特光(6859)
6865,偉康科技,股票,上櫃,數位雲端,偉康科技(6865)
6870,騰雲,股票,上櫃,數位雲端,騰雲(6870)
6874,倍力,股票,上櫃,資訊服務業,倍力(6874)
6875,國邑*,股票,上櫃,生技醫療業,國邑*(6875)
6877,鏵友益,股票,上櫃,其他電子業,鏵友益(6877)
6881,潤德,股票,上櫃,其他業,潤德(6881)
6894,衛司特,股票,上櫃,綠能環保,衛司特(6894)
6895,宏碩系統,股票,上櫃,半導體業,宏碩系統(6895)
6899,創為精密,股票,上櫃,光電業,創為精密(6899)
6903,巨漢,股票,上櫃,其他電子業,巨漢(6903)
6904,伯鑫,股票,上櫃,其他業,伯鑫(6904)
6913,鴻呈,股票,上櫃,電子零組件業,鴻呈(6913)
6922,宸曜,股票,上櫃,電腦及週邊設備業,宸曜(6922)
6929,佑全,股票,上櫃,生技醫療業,佑全(6929)
6953,家碩,股票,上櫃,半導體業,家碩(6953)
6967,汎瑋材料,股票,上櫃,電子零組件業,汎瑋材料(6967)
6968,萬達寵物,股票,上櫃,居家生活,萬達寵物(6968)
7402,邑錡,股票,上櫃,光電業,邑錡(7402)
7556,意德士,股票,上櫃,半導體業,意德士(7556)
7584,樂意,股票,上櫃,文化創意業,樂意(7584)
7703,銳澤,股票,上櫃,其他電子業,銳澤(7703)
7708,全家餐飲,股票,上櫃,觀光餐旅,全家餐飲(7708)
8024,佑華,股票,上櫃,半導體業,佑華(8024)
8027,鈦昇,股票,上櫃,電機機械,鈦昇(8027)
8032,光菱,股票,上櫃,電子通路業,光菱(8032)
8034,榮群,股票,上櫃,通信網路業,榮群(8034)
8038,長園科,股票,上櫃,電子零組件業,長園科(8038)
8040,九暘,股票,上櫃,半導體業,九暘(8040)
8042,金山電,股票,上櫃,電子零組件業,金山電(8042)
8043,蜜望實,股票,上櫃,電子零組件業,蜜望實(8043)
8044,網家,股票,上櫃,數位雲端,網家(8044)
8047,星雲,股票,上櫃,其他電子業,星雲(8047)
8048,德勝,股票,上櫃,通信網路業,德勝(8048)
8049,晶采,股票,上櫃,光電業,晶采(8049)
8050,廣積,股票,上櫃,電腦及週邊設備業,廣積(8050)
8054,安國,股票,上櫃,半導體業,安國(8054)
8059,凱碩,股票,上櫃,通信網路業,凱碩(8059)
8064,東捷,股票,上櫃,光電業,東捷(8064)
8066,來思達,股票,上櫃,居家生活,來思達(8066)
8067,志旭,股票,上櫃,電子通路業,志旭(8067)
8068,全達,股票,上櫃,電子通路業,全達(8068)
8069,元太,股票,上櫃,光電業,元太(8069)
8071,能率網通,股票,上櫃,電子零組件業,能率網通(8071)
8074,鉅橡,股票,上櫃,電子零組件業,鉅橡(8074)
8076,伍豐,股票,上櫃,電腦及週邊設備業,伍豐(8076)
8077,洛碁,股票,上櫃,觀光餐旅,洛碁(8077)
8080,印鉐,股票,上櫃,建材營造業,印鉐(8080)
8083,瑞穎,股票,上櫃,電機機械,瑞穎(8083)
8084,巨虹,股票,上櫃,電子通路業,巨虹(8084)
8085,福華,股票,上櫃,其他電子業,福華(8085)
8086,宏捷科,股票,上櫃,半導體業,宏捷科(8086)
8087,麗升能源,股票,上櫃,綠能環保,麗升能源(8087)
8088,品安,股票,上櫃,半導體業,品安(8088)
8089,康全電訊,股票,上櫃,通信網路業,康全電訊(8089)
8091,翔名,股票,上櫃,半導體業,翔名(8091)
8092,建暐,股票,上櫃,其他電子業,建暐(8092)
8093,保銳,股票,上櫃,電子零組件業,保銳(8093)
8096,擎亞,股票,上櫃,電子通路業,擎亞(8096)
8097,常珵,股票,上櫃,通信網路業,常珵(8097)
8099,大世科,股票,上櫃,資訊服務業,大世科(8099)
8107,大億金茂,股票,上櫃,電機機械,大億金茂(8107)
8109,博大,股票,上櫃,電子零組件業,博大(8109)
8111,立碁,股票,上櫃,光電業,立碁(8111)
8121,越峰,股票,上櫃,電子零組件業,越峰(8121)
8147,正淩,股票,上櫃,電子零組件業,正淩(8147)
8155,博智,股票,上櫃,電子零組件業,博智(8155)
8171,天宇,股票,上櫃,綠能環保,天宇(8171)
8176,智捷,股票,上櫃,通信網路業,智捷(8176)
8182,加高,股票,上櫃,電子零組件業,加高(8182)
8183,精星,股票,上櫃,其他電子業,精星(8183)
8227,巨有科技,股票,上櫃,半導體業,巨有科技(8227)
8234,新漢,股票,上櫃,電腦及週邊設備業,新漢(8234)
8240,華宏,股票,上櫃,光電業,華宏(8240)
8255,朋程,股票,上櫃,電機機械,朋程(8255)
8272,全景軟體,股票,上櫃,資訊服務業,全景軟體(8272)
8277,商丞,股票,上櫃,半導體業,商丞(8277)
8279,生展,股票,上櫃,生技醫療業,生展(8279)
8284,三竹,股票,上櫃,資訊服務業,三竹(8284)
8289,泰藝,股票,上櫃,電子零組件業,泰藝(8289)
8291,尚茂,股票,上櫃,電子零組件業,尚茂(8291)
8299,群聯,股票,上櫃,半導體業,群聯(8299)
8342,益張,股票,上櫃,其他業,益張(8342)
8349,恒耀,股票,上櫃,鋼鐵工業,恒耀(8349)
8354,冠好,股票,上櫃,其他業,冠好(8354)
8358,金居,股票,上櫃,電子零組件業,金居(8358)
8383,千附,股票,上櫃,其他電子業,千附(8383)
8390,金益鼎,股票,上櫃,綠能環保,金益鼎(8390)
8401,白紗科,股票,上櫃,其他業,白紗科(8401)
8403,盛弘,股票,上櫃,生技醫療業,盛弘(8403)
8409,商之器,股票,上櫃,生技醫療業,商之器(8409)
8410,森田,股票,上櫃,電腦及週邊設備業,森田(8410)
8415,大國鋼,股票,上櫃,鋼鐵工業,大國鋼(8415)
8416,實威,股票,上櫃,資訊服務業,實威(8416)
8420,明揚,股票,上櫃,運動休閒,明揚(8420)
8421,旭源,股票,上櫃,其他業,旭源(8421)
8423,保綠-KY,股票,上櫃,綠能環保,保綠-KY(8423)
8424,惠普,股票,上櫃,建材營造業,惠普(8424)
8426,紅木-KY,股票,上櫃,其他業,紅木-KY(8426)
8431,匯鑽科,股票,上櫃,其他電子業,匯鑽科(8431)
8432,東生華,股票,上櫃,生技醫療業,東生華(8432)
8433,弘帆,股票,上櫃,居家生活,弘帆(8433)
8435,鉅邁,股票,上櫃,其他業,鉅邁(8435)
8436,大江,股票,上櫃,生技醫療業,大江(8436)
8437,大地-KY,股票,上櫃,其他業,大地-KY(8437)
8440,綠電,股票,上櫃,綠能環保,綠電(8440)
8444,綠河-KY,股票,上櫃,其他業,綠河-KY(8444)
8446,華研,股票,上櫃,文化創意業,華研(8446)
8450,霹靂,股票,上櫃,文化創意業,霹靂(8450)
8455,大拓-KY,股票,上櫃,其他電子業,大拓-KY(8455)
8472,夠麻吉,股票,上櫃,數位雲端,夠麻吉(8472)
8477,創業家,股票,上櫃,數位雲端,創業家(8477)
8489,三貝德,股票,上櫃,其他業,三貝德(8489)
8905,裕國,股票,上櫃,其他業,裕國(8905)
8906,花王,股票,上櫃,其他業,花王(8906)
8908,欣雄,股票,上櫃,油電燃氣業,欣雄(8908)
8916,光隆,股票,上櫃,其他業,光隆(8916)
8917,欣泰,股票,上櫃,油電燃氣業,欣泰(8917)
8921,沈氏,股票,上櫃,其他業,沈氏(8921)
8923,時報,股票,上櫃,文化創意業,時報(8923)
8924,大田,股票,上櫃,運動休閒,大田(8924)
8927,北基,股票,上櫃,油電燃氣業,北基(8927)
8928,鉅明,股票,上櫃,運動休閒,鉅明(8928)
8929,富堡,股票,上櫃,其他業,富堡(8929)
8930,青鋼,股票,上櫃,鋼鐵工業,青鋼(8930)
8931,大汽電,股票,上櫃,油電燃氣業,大汽電(8931)
8932,智通*,股票,上櫃,其他業,智通*(8932)
8933,愛地雅,股票,上櫃,運動休閒,愛地雅(8933)
8935,邦泰,股票,上櫃,其他業,邦泰(8935)
8936,國統,股票,上櫃,其他業,國統(8936)
8937,合騏,股票,上櫃,其他業,合騏(8937)
8938,明安,股票,上櫃,運動休閒,明安(8938)
8941,關中,股票,上櫃,居家生活,關中(8941)
8942,森鉅,股票,上櫃,其他業,森鉅(8942)
9949,琉園,股票,上櫃,文化創意業,琉園(9949)
9950,萬國通,股票,上櫃,塑膠工業,萬國通(9950)
9951,皇田,股票,上櫃,電機機械,皇田(9951)
9960,邁達康,股票,上櫃,運動休閒,邁達康(9960)
9962,有益,股票,上櫃,鋼鐵工業,有益(9962)
1101,台泥,股票,上市,水泥工業,台泥(1101)
1102,亞泥,股票,上市,水泥工業,亞泥(1102)
1103,嘉泥,股票,上市,水泥工業,嘉泥(1103)
1104,環泥,股票,上市,水泥工業,環泥(1104)
1108,幸福,股票,上市,水泥工業,幸福(1108)
1109,信大,股票,上市,水泥工業,信大(1109)
1110,東泥,股票,上市,水泥工業,東泥(1110)
1201,味全,股票,上市,食品工業,味全(1201)
1203,味王,股票,上市,食品工業,味王(1203)
1210,大成,股票,上市,食品工業,大成(1210)
1213,大飲,股票,上市,食品工業,大飲(1213)
1215,卜蜂,股票,上市,食品工業,卜蜂(1215)
1216,統一,股票,上市,食品工業,統一(1216)
1217,愛之味,股票,上市,食品工業,愛之味(1217)
1218,泰山,股票,上市,食品工業,泰山(1218)
1219,福壽,股票,上市,食品工業,福壽(1219)
1220,台榮,股票,上市,食品工業,台榮(1220)
1225,福懋油,股票,上市,食品工業,福懋油(1225)
1227,佳格,股票,上市,食品工業,佳格(1227)
1229,聯華,股票,上市,食品工業,聯華(1229)
1231,聯華食,股票,上市,食品工業,聯華食(1231)
1232,大統益,股票,上市,食品工業,大統益(1232)
1233,天仁,股票,上市,食品工業,天仁(1233)
1234,黑松,股票,上市,食品工業,黑松(1234)
1235,興泰,股票,上市,食品工業,興泰(1235)
1236,宏亞,股票,上市,食品工業,宏亞(1236)
1256,鮮活果汁-KY,股票,上市,食品工業,鮮活果汁-KY(1256)
1301,台塑,股票,上市,塑膠工業,台塑(1301)
1303,南亞,股票,上市,塑膠工業,南亞(1303)
1304,台聚,股票,上市,塑膠工業,台聚(1304)
1305,華夏,股票,上市,塑膠工業,華夏(1305)
1307,三芳,股票,上市,塑膠工業,三芳(1307)
1308,亞聚,股票,上市,塑膠工業,亞聚(1308)
1309,台達化,股票,上市,塑膠工業,台達化(1309)
1310,台苯,股票,上市,塑膠工業,台苯(1310)
1312,國喬,股票,上市,塑膠工業,國喬(1312)
1313,聯成,股票,上市,塑膠工業,聯成(1313)
1314,中石化,股票,上市,塑膠工業,中石化(1314)
1315,達新,股票,上市,塑膠工業,達新(1315)
1316,上曜,股票,上市,建材營造業,上曜(1316)
1319,東陽,股票,上市,汽車工業,東陽(1319)
1321,大洋,股票,上市,塑膠工業,大洋(1321)
1323,永裕,股票,上市,塑膠工業,永裕(1323)
1324,地球,股票,上市,塑膠工業,地球(1324)
1325,恆大,股票,上市,塑膠工業,恆大(1325)
1326,台化,股票,上市,塑膠工業,台化(1326)
1337,再生-KY,股票,上市,塑膠工業,再生-KY(1337)
1338,廣華-KY,股票,上市,汽車工業,廣華-KY(1338)
1339,昭輝,股票,上市,汽車工業,昭輝(1339)
1340,勝悅-KY,股票,上市,塑膠工業,勝悅-KY(1340)
1341,富林-KY,股票,上市,塑膠工業,富林-KY(1341)
1342,八貫,股票,上市,其他業,八貫(1342)
1402,遠東新,股票,上市,紡織纖維,遠東新(1402)
1409,新纖,股票,上市,紡織纖維,新纖(1409)
1410,南染,股票,上市,紡織纖維,南染(1410)
1413,宏洲,股票,上市,紡織纖維,宏洲(1413)
1414,東和,股票,上市,紡織纖維,東和(1414)
1416,廣豐,股票,上市,其他業,廣豐(1416)
1417,嘉裕,股票,上市,紡織纖維,嘉裕(1417)
1418,東華,股票,上市,紡織纖維,東華(1418)
1419,新紡,股票,上市,紡織纖維,新紡(1419)
1423,利華,股票,上市,紡織纖維,利華(1423)
1432,大魯閣,股票,上市,運動休閒,大魯閣(1432)
1434,福懋,股票,上市,紡織纖維,福懋(1434)
1435,中福,股票,上市,其他業,中福(1435)
1436,華友聯,股票,上市,建材營造業,華友聯(1436)
1437,勤益控,股票,上市,其他業,勤益控(1437)
1438,三地開發,股票,上市,建材營造業,三地開發(1438)
1439,雋揚,股票,上市,建材營造業,雋揚(1439)
1440,南紡,股票,上市,紡織纖維,南紡(1440)
1441,大東,股票,上市,紡織纖維,大東(1441)
1442,名軒,股票,上市,建材營造業,名軒(1442)
1443,立益物流,股票,上市,其他業,立益物流(1443)
1444,力麗,股票,上市,紡織纖維,力麗(1444)
1445,大宇,股票,上市,紡織纖維,大宇(1445)
1446,宏和,股票,上市,紡織纖維,宏和(1446)
1447,力鵬,股票,上市,紡織纖維,力鵬(1447)
1449,佳和,股票,上市,紡織纖維,佳和(1449)
1451,年興,股票,上市,紡織纖維,年興(1451)
1452,宏益,股票,上市,紡織纖維,宏益(1452)
1453,大將,股票,上市,建材營造業,大將(1453)
1454,台富,股票,上市,紡織纖維,台富(1454)
1455,集盛,股票,上市,紡織纖維,集盛(1455)
1456,怡華,股票,上市,建材營造業,怡華(1456)
1457,宜進,股票,上市,紡織纖維,宜進(1457)
1459,聯發,股票,上市,紡織纖維,聯發(1459)
1460,宏遠,股票,上市,紡織纖維,宏遠(1460)
1463,強盛新,股票,上市,紡織纖維,強盛新(1463)
1464,得力,股票,上市,紡織纖維,得力(1464)
1465,偉全,股票,上市,紡織纖維,偉全(1465)
1466,聚隆,股票,上市,紡織纖維,聚隆(1466)
1467,南緯,股票,上市,紡織纖維,南緯(1467)
1468,昶和,股票,上市,紡織纖維,昶和(1468)
1470,大統新創,股票,上市,紡織纖維,大統新創(1470)
1471,首利,股票,上市,電子零組件業,首利(1471)
1472,三洋實業,股票,上市,建材營造業,三洋實業(1472)
1473,台南,股票,上市,紡織纖維,台南(1473)
1474,弘裕,股票,上市,紡織纖維,弘裕(1474)
1475,業旺,股票,上市,紡織纖維,業旺(1475)
1476,儒鴻,股票,上市,紡織纖維,儒鴻(1476)
1477,聚陽,股票,上市,紡織纖維,聚陽(1477)
1503,士電,股票,上市,電機機械,士電(1503)
1504,東元,股票,上市,電機機械,東元(1504)
1506,正道,股票,上市,電機機械,正道(1506)
1512,瑞利,股票,上市,汽車工業,瑞利(1512)
1513,中興電,股票,上市,電機機械,中興電(1513)
1514,亞力,股票,上市,電機機械,亞力(1514)
1515,力山,股票,上市,電機機械,力山(1515)
1516,川飛,股票,上市,其他業,川飛(1516)
1517,利奇,股票,上市,電機機械,利奇(1517)
1519,華城,股票,上市,電機機械,華城(1519)
1521,大億,股票,上市,汽車工業,大億(1521)
1522,堤維西,股票,上市,汽車工業,堤維西(1522)
1524,耿鼎,股票,上市,汽車工業,耿鼎(1524)
1525,江申,股票,上市,汽車工業,江申(1525)
1526,日馳,股票,上市,電機機械,日馳(1526)
1527,鑽全,股票,上市,電機機械,鑽全(1527)
1528,恩德,股票,上市,電機機械,恩德(1528)
1529,樂事綠能,股票,上市,電機機械,樂事綠能(1529)
1530,亞崴,股票,上市,電機機械,亞崴(1530)
1531,高林股,股票,上市,電機機械,高林股(1531)
1532,勤美,股票,上市,電機機械,勤美(1532)
1533,車王電,股票,上市,汽車工業,車王電(1533)
1535,中宇,股票,上市,電機機械,中宇(1535)
1536,和大,股票,上市,汽車工業,和大(1536)
1537,廣隆,股票,上市,電機機械,廣隆(1537)
1538,正峰,股票,上市,電機機械,正峰(1538)
1539,巨庭,股票,上市,電機機械,巨庭(1539)
1540,喬福,股票,上市,電機機械,喬福(1540)
1541,錩泰,股票,上市,電機機械,錩泰(1541)
1558,伸興,股票,上市,電機機械,伸興(1558)
1560,中砂,股票,上市,電機機械,中砂(1560)
1563,巧新,股票,上市,汽車工業,巧新(1563)
1568,倉佑,股票,上市,汽車工業,倉佑(1568)
1582,信錦,股票,上市,電子零組件業,信錦(1582)
1583,程泰,股票,上市,電機機械,程泰(1583)
1587,吉茂,股票,上市,汽車工業,吉茂(1587)
1589,永冠-KY,股票,上市,電機機械,永冠-KY(1589)
1590,亞德客-KY,股票,上市,電機機械,亞德客-KY(1590)
1597,直得,股票,上市,電機機械,直得(1597)
1598,岱宇,股票,上市,運動休閒,岱宇(1598)
1603,華電,股票,上市,電器電纜,華電(1603)
1604,聲寶,股票,上市,電器電纜,聲寶(1604)
1605,華新,股票,上市,電器電纜,華新(1605)
1608,華榮,股票,上市,電器電纜,華榮(1608)
1609,大亞,股票,上市,電器電纜,大亞(1609)
1611,中電,股票,上市,電器電纜,中電(1611)
1612,宏泰,股票,上市,電器電纜,宏泰(1612)
1614,三洋電,股票,上市,電器電纜,三洋電(1614)
1615,大山,股票,上市,電器電纜,大山(1615)
1616,億泰,股票,上市,電器電纜,億泰(1616)
1617,榮星,股票,上市,電器電纜,榮星(1617)
1618,合機,股票,上市,電器電纜,合機(1618)
1626,艾美特-KY,股票,上市,電器電纜,艾美特-KY(1626)
1702,南僑,股票,上市,食品工業,南僑(1702)
1707,葡萄王,股票,上市,生技醫療業,葡萄王(1707)
1708,東鹼,股票,上市,化學工業,東鹼(1708)
1709,和益,股票,上市,化學工業,和益(1709)
1710,東聯,股票,上市,化學工業,東聯(1710)
1711,永光,股票,上市,化學工業,永光(1711)
1712,興農,股票,上市,化學工業,興農(1712)
1713,國化,股票,上市,化學工業,國化(1713)
1714,和桐,股票,上市,化學工業,和桐(1714)
1717,長興,股票,上市,化學工業,長興(1717)
1718,中纖,股票,上市,化學工業,中纖(1718)
1720,生達,股票,上市,生技醫療業,生達(1720)
1721,三晃,股票,上市,化學工業,三晃(1721)
1722,台肥,股票,上市,化學工業,台肥(1722)
1723,中碳,股票,上市,化學工業,中碳(1723)
1725,元禎,股票,上市,化學工業,元禎(1725)
1726,永記,股票,上市,化學工業,永記(1726)
1727,中華化,股票,上市,化學工業,中華化(1727)
1730,花仙子,股票,上市,化學工業,花仙子(1730)
1731,美吾華,股票,上市,生技醫療業,美吾華(1731)
1732,毛寶,股票,上市,化學工業,毛寶(1732)
1733,五鼎,股票,上市,生技醫療業,五鼎(1733)
1734,杏輝,股票,上市,生技醫療業,杏輝(1734)
1735,日勝化,股票,上市,化學工業,日勝化(1735)
1736,喬山,股票,上市,運動休閒,喬山(1736)
1737,臺鹽,股票,上市,食品工業,臺鹽(1737)
1752,南光,股票,上市,生技醫療業,南光(1752)
1760,寶齡富錦,股票,上市,生技醫療業,寶齡富錦(1760)
1762,中化生,股票,上市,生技醫療業,中化生(1762)
1773,勝一,股票,上市,化學工業,勝一(1773)
1776,展宇,股票,上市,化學工業,展宇(1776)
1783,和康生,股票,上市,生技醫療業,和康生(1783)
1786,科妍,股票,上市,生技醫療業,科妍(1786)
1789,神隆,股票,上市,生技醫療業,神隆(1789)
1795,美時,股票,上市,生技醫療業,美時(1795)
1802,台玻,股票,上市,玻璃陶瓷,台玻(1802)
1805,寶徠,股票,上市,建材營造業,寶徠(1805)
1806,冠軍,股票,上市,玻璃陶瓷,冠軍(1806)
1808,潤隆,股票,上市,建材營造業,潤隆(1808)
1809,中釉,股票,上市,玻璃陶瓷,中釉(1809)
1810,和成,股票,上市,玻璃陶瓷,和成(1810)
1817,凱撒衛,股票,上市,玻璃陶瓷,凱撒衛(1817)
1903,士紙,股票,上市,造紙工業,士紙(1903)
1904,正隆,股票,上市,造紙工業,正隆(1904)
1905,華紙,股票,上市,造紙工業,華紙(1905)
1906,寶隆,股票,上市,造紙工業,寶隆(1906)
1907,永豐餘,股票,上市,造紙工業,永豐餘(1907)
1909,榮成,股票,上市,造紙工業,榮成(1909)
2002,中鋼,股票,上市,鋼鐵工業,中鋼(2002)
2006,東和鋼鐵,股票,上市,鋼鐵工業,東和鋼鐵(2006)
2007,燁興,股票,上市,鋼鐵工業,燁興(2007)
2008,高興昌,股票,上市,鋼鐵工業,高興昌(2008)
2009,第一銅,股票,上市,鋼鐵工業,第一銅(2009)
2010,春源,股票,上市,鋼鐵工業,春源(2010)
2012,春雨,股票,上市,鋼鐵工業,春雨(2012)
2013,中鋼構,股票,上市,鋼鐵工業,中鋼構(2013)
2014,中鴻,股票,上市,鋼鐵工業,中鴻(2014)
2015,豐興,股票,上市,鋼鐵工業,豐興(2015)
2017,官田鋼,股票,上市,鋼鐵工業,官田鋼(2017)
2020,美亞,股票,上市,鋼鐵工業,美亞(2020)
2022,聚亨,股票,上市,鋼鐵工業,聚亨(2022)
2023,燁輝,股票,上市,鋼鐵工業,燁輝(2023)
2024,志聯,股票,上市,鋼鐵工業,志聯(2024)
2025,千興,股票,上市,鋼鐵工業,千興(2025)
2027,大成鋼,股票,上市,鋼鐵工業,大成鋼(2027)
2028,威致,股票,上市,鋼鐵工業,威致(2028)
2029,盛餘,股票,上市,鋼鐵工業,盛餘(2029)
2030,彰源,股票,上市,鋼鐵工業,彰源(2030)
2031,新光鋼,股票,上市,鋼鐵工業,新光鋼(2031)
2032,新鋼,股票,上市,鋼鐵工業,新鋼(2032)
2033,佳大,股票,上市,鋼鐵工業,佳大(2033)
2034,允強,股票,上市,鋼鐵工業,允強(2034)
2038,海光,股票,上市,鋼鐵工業,海光(2038)
2049,上銀,股票,上市,電機機械,上銀(2049)
2059,川湖,股票,上市,電子零組件業,川湖(2059)
2062,橋椿,股票,上市,居家生活,橋椿(2062)
2069,運錩,股票,上市,鋼鐵工業,運錩(2069)
2101,南港,股票,上市,橡膠工業,南港(2101)
2102,泰豐,股票,上市,橡膠工業,泰豐(2102)
2103,台橡,股票,上市,橡膠工業,台橡(2103)
2104,國際中橡,股票,上市,橡膠工業,國際中橡(2104)
2105,正新,股票,上市,橡膠工業,正新(2105)
2106,建大,股票,上市,橡膠工業,建大(2106)
2107,厚生,股票,上市,橡膠工業,厚生(2107)
2108,南帝,股票,上市,橡膠工業,南帝(2108)
2109,華豐,股票,上市,橡膠工業,華豐(2109)
2114,鑫永銓,股票,上市,橡膠工業,鑫永銓(2114)
2115,六暉-KY,股票,上市,汽車工業,六暉-KY(2115)
2201,裕隆,股票,上市,汽車工業,裕隆(2201)
2204,中華,股票,上市,汽車工業,中華(2204)
2206,三陽工業,股票,上市,汽車工業,三陽工業(2206)
2207,和泰車,股票,上市,汽車工業,和泰車(2207)
2208,台船,股票,上市,航運業,台船(2208)
2211,長榮鋼,股票,上市,鋼鐵工業,長榮鋼(2211)
2227,裕日車,股票,上市,汽車工業,裕日車(2227)
2228,劍麟,股票,上市,汽車工業,劍麟(2228)
2231,為升,股票,上市,汽車工業,為升(2231)
2233,宇隆,股票,上市,汽車工業,宇隆(2233)
2236,百達-KY,股票,上市,汽車工業,百達-KY(2236)
2239,英利-KY,股票,上市,汽車工業,英利-KY(2239)
2241,艾姆勒,股票,上市,汽車工業,艾姆勒(2241)
2243,宏旭-KY,股票,上市,汽車工業,宏旭-KY(2243)
2247,汎德永業,股票,上市,汽車工業,汎德永業(2247)
2250,IKKA-KY,股票,上市,汽車工業,IKKA-KY(2250)
2301,光寶科,股票,上市,電腦及週邊設備業,光寶科(2301)
2302,麗正,股票,上市,半導體業,麗正(2302)
2303,聯電,股票,上市,半導體業,聯電(2303)
2305,全友,股票,上市,電腦及週邊設備業,全友(2305)
2308,台達電,股票,上市,電子零組件業,台達電(2308)
2312,金寶,股票,上市,其他電子業,金寶(2312)
2313,華通,股票,上市,電子零組件業,華通(2313)
2314,台揚,股票,上市,通信網路業,台揚(2314)
2316,楠梓電,股票,上市,電子零組件業,楠梓電(2316)
2317,鴻海,股票,上市,其他電子業,鴻海(2317)
2321,東訊,股票,上市,通信網路業,東訊(2321)
2323,中環,股票,上市,光電業,中環(2323)
2324,仁寶,股票,上市,電腦及週邊設備業,仁寶(2324)
2327,國巨,股票,上市,電子零組件業,國巨(2327)
2328,廣宇,股票,上市,電子零組件業,廣宇(2328)
2329,華泰,股票,上市,半導體業,華泰(2329)
2330,台積電,股票,上市,半導體業,台積電(2330)
2331,精英,股票,上市,電腦及週邊設備業,精英(2331)
2332,友訊,股票,上市,通信網路業,友訊(2332)
2337,旺宏,股票,上市,半導體業,旺宏(2337)
2338,光罩,股票,上市,半導體業,光罩(2338)
2340,台亞,股票,上市,半導體業,台亞(2340)
2342,茂矽,股票,上市,半導體業,茂矽(2342)
2344,華邦電,股票,上市,半導體業,華邦電(2344)
2345,智邦,股票,上市,通信網路業,智邦(2345)
2347,聯強,股票,上市,電子通路業,聯強(2347)
2348,海悅,股票,上市,其他業,海悅(2348)
2349,錸德,股票,上市,光電業,錸德(2349)
2351,順德,股票,上市,半導體業,順德(2351)
2352,佳世達,股票,上市,電腦及週邊設備業,佳世達(2352)
2353,宏碁,股票,上市,電腦及週邊設備業,宏碁(2353)
2354,鴻準,股票,上市,其他電子業,鴻準(2354)
2355,敬鵬,股票,上市,電子零組件業,敬鵬(2355)
2356,英業達,股票,上市,電腦及週邊設備業,英業達(2356)
2357,華碩,股票,上市,電腦及週邊設備業,華碩(2357)
2358,廷鑫,股票,上市,其他業,廷鑫(2358)
2359,所羅門,股票,上市,其他電子業,所羅門(2359)
2360,致茂,股票,上市,其他電子業,致茂(2360)
2362,藍天,股票,上市,電腦及週邊設備業,藍天(2362)
2363,矽統,股票,上市,半導體業,矽統(2363)
2364,倫飛,股票,上市,電腦及週邊設備業,倫飛(2364)
2365,昆盈,股票,上市,電腦及週邊設備業,昆盈(2365)
2367,燿華,股票,上市,電子零組件業,燿華(2367)
2368,金像電,股票,上市,電子零組件業,金像電(2368)
2369,菱生,股票,上市,半導體業,菱生(2369)
2371,大同,股票,上市,電機機械,大同(2371)
2373,震旦行,股票,上市,其他電子業,震旦行(2373)
2374,佳能,股票,上市,光電業,佳能(2374)
2375,凱美,股票,上市,電子零組件業,凱美(2375)
2376,技嘉,股票,上市,電腦及週邊設備業,技嘉(2376)
2377,微星,股票,上市,電腦及週邊設備業,微星(2377)
2379,瑞昱,股票,上市,半導體業,瑞昱(2379)
2380,虹光,股票,上市,電腦及週邊設備業,虹光(2380)
2382,廣達,股票,上市,電腦及週邊設備業,廣達(2382)
2383,台光電,股票,上市,電子零組件業,台光電(2383)
2385,群光,股票,上市,電子零組件業,群光(2385)
2387,精元,股票,上市,電腦及週邊設備業,精元(2387)
2388,威盛,股票,上市,半導體業,威盛(2388)
2390,云辰,股票,上市,其他電子業,云辰(2390)
2392,正崴,股票,上市,電子零組件業,正崴(2392)
2393,億光,股票,上市,光電業,億光(2393)
2395,研華,股票,上市,電腦及週邊設備業,研華(2395)
2397,友通,股票,上市,電腦及週邊設備業,友通(2397)
2399,映泰,股票,上市,電腦及週邊設備業,映泰(2399)
2401,凌陽,股票,上市,半導體業,凌陽(2401)
2402,毅嘉,股票,上市,電子零組件業,毅嘉(2402)
2404,漢唐,股票,上市,其他電子業,漢唐(2404)
2405,輔信,股票,上市,電腦及週邊設備業,輔信(2405)
2406,國碩,股票,上市,光電業,國碩(2406)
2408,南亞科,股票,上市,半導體業,南亞科(2408)
2409,友達,股票,上市,光電業,友達(2409)
2412,中華電,股票,上市,通信網路業,中華電(2412)
2413,環科,股票,上市,電子零組件業,環科(2413)
2414,精技,股票,上市,電子通路業,精技(2414)
2415,錩新,股票,上市,電子零組件業,錩新(2415)
2417,圓剛,股票,上市,電腦及週邊設備業,圓剛(2417)
2419,仲琦,股票,上市,通信網路業,仲琦(2419)
2420,新巨,股票,上市,電子零組件業,新巨(2420)
2421,建準,股票,上市,電子零組件業,建準(2421)
2423,固緯,股票,上市,其他電子業,固緯(2423)
2424,隴華,股票,上市,通信網路業,隴華(2424)
2425,承啟,股票,上市,電腦及週邊設備業,承啟(2425)
2426,鼎元,股票,上市,光電業,鼎元(2426)
2427,三商電,股票,上市,資訊服務業,三商電(2427)
2428,興勤,股票,上市,電子零組件業,興勤(2428)
2429,銘旺科,股票,上市,光電業,銘旺科(2429)
2430,燦坤,股票,上市,電子通路業,燦坤(2430)
2431,聯昌,股票,上市,電子零組件業,聯昌(2431)
2433,互盛電,股票,上市,其他電子業,互盛電(2433)
2434,統懋,股票,上市,半導體業,統懋(2434)
2436,偉詮電,股票,上市,半導體業,偉詮電(2436)
2438,翔耀,股票,上市,光電業,翔耀(2438)
2439,美律,股票,上市,通信網路業,美律(2439)
2440,太空梭,股票,上市,電子零組件業,太空梭(2440)
2441,超豐,股票,上市,半導體業,超豐(2441)
2442,新美齊,股票,上市,建材營造業,新美齊(2442)
2443,昶虹,股票,上市,其他業,昶虹(2443)
2444,兆勁,股票,上市,通信網路業,兆勁(2444)
2449,京元電子,股票,上市,半導體業,京元電子(2449)
2450,神腦,股票,上市,通信網路業,神腦(2450)
2451,創見,股票,上市,半導體業,創見(2451)
2453,凌群,股票,上市,資訊服務業,凌群(2453)
2454,聯發科,股票,上市,半導體業,聯發科(2454)
2455,全新,股票,上市,通信網路業,全新(2455)
2457,飛宏,股票,上市,電子零組件業,飛宏(2457)
2458,義隆,股票,上市,半導體業,義隆(2458)
2459,敦吉,股票,上市,其他電子業,敦吉(2459)
2460,建通,股票,上市,電子零組件業,建通(2460)
2461,光群雷,股票,上市,其他電子業,光群雷(2461)
2462,良得電,股票,上市,電子零組件業,良得電(2462)
2464,盟立,股票,上市,其他電子業,盟立(2464)
2465,麗臺,股票,上市,電腦及週邊設備業,麗臺(2465)
2466,冠西電,股票,上市,光電業,冠西電(2466)
2467,志聖,股票,上市,電子零組件業,志聖(2467)
2468,華經,股票,上市,資訊服務業,華經(2468)
2471,資通,股票,上市,資訊服務業,資通(2471)
2472,立隆電,股票,上市,電子零組件業,立隆電(2472)
2474,可成,股票,上市,其他電子業,可成(2474)
2476,鉅祥,股票,上市,電子零組件業,鉅祥(2476)
2477,美隆電,股票,上市,其他電子業,美隆電(2477)
2478,大毅,股票,上市,電子零組件業,大毅(2478)
2480,敦陽科,股票,上市,資訊服務業,敦陽科(2480)
2481,強茂,股票,上市,半導體業,強茂(2481)
2482,連宇,股票,上市,其他電子業,連宇(2482)
2483,百容,股票,上市,電子零組件業,百容(2483)
2484,希華,股票,上市,電子零組件業,希華(2484)
2485,兆赫,股票,上市,通信網路業,兆赫(2485)
2486,一詮,股票,上市,光電業,一詮(2486)
2488,漢平,股票,上市,其他電子業,漢平(2488)
2489,瑞軒,股票,上市,光電業,瑞軒(2489)
2491,吉祥全,股票,上市,光電業,吉祥全(2491)
2492,華新科,股票,上市,電子零組件業,華新科(2492)
2493,揚博,股票,上市,電子零組件業,揚博(2493)
2495,普安,股票,上市,電腦及週邊設備業,普安(2495)
2496,卓越,股票,上市,其他業,卓越(2496)
2497,怡利電,股票,上市,汽車工業,怡利電(2497)
2498,宏達電,股票,上市,通信網路業,宏達電(2498)
2501,國建,股票,上市,建材營造業,國建(2501)
2504,國產,股票,上市,建材營造業,國產(2504)
2505,國揚,股票,上市,建材營造業,國揚(2505)
2506,太設,股票,上市,建材營造業,太設(2506)
2509,全坤建,股票,上市,建材營造業,全坤建(2509)
2511,太子,股票,上市,建材營造業,太子(2511)
2514,龍邦,股票,上市,其他業,龍邦(2514)
2515,中工,股票,上市,建材營造業,中工(2515)
2516,新建,股票,上市,建材營造業,新建(2516)
2520,冠德,股票,上市,建材營造業,冠德(2520)
2524,京城,股票,上市,建材營造業,京城(2524)
2527,宏璟,股票,上市,建材營造業,宏璟(2527)
2528,皇普,股票,上市,建材營造業,皇普(2528)
2530,華建,股票,上市,建材營造業,華建(2530)
2534,宏盛,股票,上市,建材營造業,宏盛(2534)
2535,達欣工,股票,上市,建材營造業,達欣工(2535)
2536,宏普,股票,上市,建材營造業,宏普(2536)
2537,聯上發,股票,上市,建材營造業,聯上發(2537)
2538,基泰,股票,上市,建材營造業,基泰(2538)
2539,櫻花建,股票,上市,建材營造業,櫻花建(2539)
2540,愛山林,股票,上市,建材營造業,愛山林(2540)
2542,興富發,股票,上市,建材營造業,興富發(2542)
2543,皇昌,股票,上市,建材營造業,皇昌(2543)
2545,皇翔,股票,上市,建材營造業,皇翔(2545)
2546,根基,股票,上市,建材營造業,根基(2546)
2547,日勝生,股票,上市,建材營造業,日勝生(2547)
2548,華固,股票,上市,建材營造業,華固(2548)
2597,潤弘,股票,上市,建材營造業,潤弘(2597)
2601,益航,股票,上市,貿易百貨業,益航(2601)
2603,長榮,股票,上市,航運業,長榮(2603)
2605,新興,股票,上市,航運業,新興(2605)
2606,裕民,股票,上市,航運業,裕民(2606)
2607,榮運,股票,上市,航運業,榮運(2607)
2608,嘉里大榮,股票,上市,航運業,嘉里大榮(2608)
2609,陽明,股票,上市,航運業,陽明(2609)
2610,華航,股票,上市,航運業,華航(2610)
2611,志信,股票,上市,航運業,志信(2611)
2612,中航,股票,上市,航運業,中航(2612)
2613,中櫃,股票,上市,航運業,中櫃(2613)
2614,東森,股票,上市,其他業,東森(2614)
2615,萬海,股票,上市,航運業,萬海(2615)
2616,山隆,股票,上市,油電燃氣業,山隆(2616)
2617,台航,股票,上市,航運業,台航(2617)
2618,長榮航,股票,上市,航運業,長榮航(2618)
2630,亞航,股票,上市,航運業,亞航(2630)
2633,台灣高鐵,股票,上市,航運業,台灣高鐵(2633)
2634,漢翔,股票,上市,航運業,漢翔(2634)
2636,台驊控股,股票,上市,航運業,台驊控股(2636)
2637,慧洋-KY,股票,上市,航運業,慧洋-KY(2637)
2642,宅配通,股票,上市,航運業,宅配通(2642)
2645,長榮航太,股票,上市,航運業,長榮航太(2645)
2646,星宇航空,股票,上市,航運業,星宇航空(2646)
2701,萬企,股票,上市,觀光餐旅,萬企(2701)
2702,華園,股票,上市,觀光餐旅,華園(2702)
2704,國賓,股票,上市,觀光餐旅,國賓(2704)
2705,六福,股票,上市,觀光餐旅,六福(2705)
2706,第一店,股票,上市,觀光餐旅,第一店(2706)
2707,晶華,股票,上市,觀光餐旅,晶華(2707)
2712,遠雄來,股票,上市,觀光餐旅,遠雄來(2712)
2722,夏都,股票,上市,觀光餐旅,夏都(2722)
2723,美食-KY,股票,上市,觀光餐旅,美食-KY(2723)
2727,王品,股票,上市,觀光餐旅,王品(2727)
2731,雄獅,股票,上市,觀光餐旅,雄獅(2731)
2739,寒舍,股票,上市,觀光餐旅,寒舍(2739)
2748,雲品,股票,上市,觀光餐旅,雲品(2748)
2753,八方雲集,股票,上市,觀光餐旅,八方雲集(2753)
2762,世界健身-KY,股票,上市,運動休閒,世界健身-KY(2762)
2801,彰銀,股票,上市,金融保險業,彰銀(2801)
2809,京城銀,股票,上市,金融保險業,京城銀(2809)
2812,台中銀,股票,上市,金融保險業,台中銀(2812)
2816,旺旺保,股票,上市,金融保險業,旺旺保(2816)
2820,華票,股票,上市,金融保險業,華票(2820)
2832,台產,股票,上市,金融保險業,台產(2832)
2834,臺企銀,股票,上市,金融保險業,臺企銀(2834)
2836,高雄銀,股票,上市,金融保險業,高雄銀(2836)
2838,聯邦銀,股票,上市,金融保險業,聯邦銀(2838)
2845,遠東銀,股票,上市,金融保險業,遠東銀(2845)
2849,安泰銀,股票,上市,金融保險業,安泰銀(2849)
2850,新產,股票,上市,金融保險業,新產(2850)
2851,中再保,股票,上市,金融保險業,中再保(2851)
2852,第一保,股票,上市,金融保險業,第一保(2852)
2855,統一證,股票,上市,金融保險業,統一證(2855)
2867,三商壽,股票,上市,金融保險業,三商壽(2867)
2880,華南金,股票,上市,金融保險業,華南金(2880)
2881,富邦金,股票,上市,金融保險業,富邦金(2881)
2882,國泰金,股票,上市,金融保險業,國泰金(2882)
2883,凱基金,股票,上市,金融保險業,凱基金(2883)
2884,玉山金,股票,上市,金融保險業,玉山金(2884)
2885,元大金,股票,上市,金融保險業,元大金(2885)
2886,兆豐金,股票,上市,金融保險業,兆豐金(2886)
2887,台新金,股票,上市,金融保險業,台新金(2887)
2888,新光金,股票,上市,金融保險業,新光金(2888)
2889,國票金,股票,上市,金融保險業,國票金(2889)
2890,永豐金,股票,上市,金融保險業,永豐金(2890)
2891,中信金,股票,上市,金融保險業,中信金(2891)
2892,第一金,股票,上市,金融保險業,第一金(2892)
2897,王道銀行,股票,上市,金融保險業,王道銀行(2897)
2901,欣欣,股票,上市,貿易百貨業,欣欣(2901)
2903,遠百,股票,上市,貿易百貨業,遠百(2903)
2904,匯僑,股票,上市,其他業,匯僑(2904)
2905,三商,股票,上市,貿易百貨業,三商(2905)
2906,高林,股票,上市,貿易百貨業,高林(2906)
2908,特力,股票,上市,貿易百貨業,特力(2908)
2910,統領,股票,上市,貿易百貨業,統領(2910)
2911,麗嬰房,股票,上市,貿易百貨業,麗嬰房(2911)
2912,統一超,股票,上市,貿易百貨業,統一超(2912)
2913,農林,股票,上市,貿易百貨業,農林(2913)
2915,潤泰全,股票,上市,貿易百貨業,潤泰全(2915)
2923,鼎固-KY,股票,上市,建材營造業,鼎固-KY(2923)
2929,淘帝-KY,股票,上市,貿易百貨業,淘帝-KY(2929)
2939,永邑-KY,股票,上市,貿易百貨業,永邑-KY(2939)
2945,三商家購,股票,上市,貿易百貨業,三商家購(2945)
3002,歐格,股票,上市,電腦及週邊設備業,歐格(3002)
3003,健和興,股票,上市,電子零組件業,健和興(3003)
3004,豐達科,股票,上市,鋼鐵工業,豐達科(3004)
3005,神基,股票,上市,電腦及週邊設備業,神基(3005)
3006,晶豪科,股票,上市,半導體業,晶豪科(3006)
3008,大立光,股票,上市,光電業,大立光(3008)
3010,華立,股票,上市,電子通路業,華立(3010)
3011,今皓,股票,上市,電子零組件業,今皓(3011)
3013,晟銘電,股票,上市,電腦及週邊設備業,晟銘電(3013)
3014,聯陽,股票,上市,半導體業,聯陽(3014)
3015,全漢,股票,上市,電子零組件業,全漢(3015)
3016,嘉晶,股票,上市,半導體業,嘉晶(3016)
3017,奇鋐,股票,上市,電腦及週邊設備業,奇鋐(3017)
3018,隆銘綠能,股票,上市,其他電子業,隆銘綠能(3018)
3019,亞光,股票,上市,光電業,亞光(3019)
3021,鴻名,股票,上市,電子零組件業,鴻名(3021)
3022,威強電,股票,上市,電腦及週邊設備業,威強電(3022)
3023,信邦,股票,上市,電子零組件業,信邦(3023)
3024,憶聲,股票,上市,光電業,憶聲(3024)
3025,星通,股票,上市,通信網路業,星通(3025)
3026,禾伸堂,股票,上市,電子零組件業,禾伸堂(3026)
3027,盛達,股票,上市,通信網路業,盛達(3027)
3028,增你強,股票,上市,電子通路業,增你強(3028)
3029,零壹,股票,上市,資訊服務業,零壹(3029)
3030,德律,股票,上市,其他電子業,德律(3030)
3031,佰鴻,股票,上市,光電業,佰鴻(3031)
3032,偉訓,股票,上市,電子零組件業,偉訓(3032)
3033,威健,股票,上市,電子通路業,威健(3033)
3034,聯詠,股票,上市,半導體業,聯詠(3034)
3035,智原,股票,上市,半導體業,智原(3035)
3036,文曄,股票,上市,電子通路業,文曄(3036)
3037,欣興,股票,上市,電子零組件業,欣興(3037)
3038,全台,股票,上市,光電業,全台(3038)
3040,遠見,股票,上市,其他業,遠見(3040)
3041,揚智,股票,上市,半導體業,揚智(3041)
3042,晶技,股票,上市,電子零組件業,晶技(3042)
3043,科風,股票,上市,其他電子業,科風(3043)
3044,健鼎,股票,上市,電子零組件業,健鼎(3044)
3045,台灣大,股票,上市,通信網路業,台灣大(3045)
3046,建碁,股票,上市,電腦及週邊設備業,建碁(3046)
3047,訊舟,股票,上市,通信網路業,訊舟(3047)
3048,益登,股票,上市,電子通路業,益登(3048)
3049,精金,股票,上市,光電業,精金(3049)
3050,鈺德,股票,上市,光電業,鈺德(3050)
3051,力特,股票,上市,光電業,力特(3051)
3052,夆典,股票,上市,建材營造業,夆典(3052)
3054,立萬利,股票,上市,食品工業,立萬利(3054)
3055,蔚華科,股票,上市,電子通路業,蔚華科(3055)
3056,富華新,股票,上市,建材營造業,富華新(3056)
3057,喬鼎,股票,上市,電腦及週邊設備業,喬鼎(3057)
3058,立德,股票,上市,電子零組件業,立德(3058)
3059,華晶科,股票,上市,光電業,華晶科(3059)
3060,銘異,股票,上市,電腦及週邊設備業,銘異(3060)
3062,建漢,股票,上市,通信網路業,建漢(3062)
3090,日電貿,股票,上市,電子零組件業,日電貿(3090)
3092,鴻碩,股票,上市,電子零組件業,鴻碩(3092)
3094,聯傑,股票,上市,半導體業,聯傑(3094)
3130,一零四,股票,上市,數位雲端,一零四(3130)
3138,耀登,股票,上市,通信網路業,耀登(3138)
3149,正達,股票,上市,光電業,正達(3149)
3164,景岳,股票,上市,生技醫療業,景岳(3164)
3167,大量,股票,上市,電機機械,大量(3167)
3168,眾福科,股票,上市,光電業,眾福科(3168)
3189,景碩,股票,上市,半導體業,景碩(3189)
3209,全科,股票,上市,電子通路業,全科(3209)
3229,晟鈦,股票,上市,電子零組件業,晟鈦(3229)
3231,緯創,股票,上市,電腦及週邊設備業,緯創(3231)
3257,虹冠電,股票,上市,半導體業,虹冠電(3257)
3266,昇陽,股票,上市,建材營造業,昇陽(3266)
3296,勝德,股票,上市,電子零組件業,勝德(3296)
3305,昇貿,股票,上市,其他電子業,昇貿(3305)
3308,聯德,股票,上市,電子零組件業,聯德(3308)
3311,閎暉,股票,上市,通信網路業,閎暉(3311)
3312,弘憶股,股票,上市,電子通路業,弘憶股(3312)
3321,同泰,股票,上市,電子零組件業,同泰(3321)
3338,泰碩,股票,上市,電子零組件業,泰碩(3338)
3346,麗清,股票,上市,汽車工業,麗清(3346)
3356,奇偶,股票,上市,光電業,奇偶(3356)
3376,新日興,股票,上市,電子零組件業,新日興(3376)
3380,明泰,股票,上市,通信網路業,明泰(3380)
3406,玉晶光,股票,上市,光電業,玉晶光(3406)
3413,京鼎,股票,上市,半導體業,京鼎(3413)
3416,融程電,股票,上市,電腦及週邊設備業,融程電(3416)
3419,譁裕,股票,上市,通信網路業,譁裕(3419)
3432,台端,股票,上市,電子零組件業,台端(3432)
3437,榮創,股票,上市,光電業,榮創(3437)
3443,創意,股票,上市,半導體業,創意(3443)
3447,展達,股票,上市,通信網路業,展達(3447)
3450,聯鈞,股票,上市,半導體業,聯鈞(3450)
3454,晶睿,股票,上市,光電業,晶睿(3454)
3481,群創,股票,上市,光電業,群創(3481)
3494,誠研,股票,上市,電腦及週邊設備業,誠研(3494)
3501,維熹,股票,上市,電子零組件業,維熹(3501)
3504,揚明光,股票,上市,光電業,揚明光(3504)
3515,華擎,股票,上市,電腦及週邊設備業,華擎(3515)
3518,柏騰,股票,上市,其他電子業,柏騰(3518)
3528,安馳,股票,上市,電子通路業,安馳(3528)
3530,晶相光,股票,上市,半導體業,晶相光(3530)
3532,台勝科,股票,上市,半導體業,台勝科(3532)
3533,嘉澤,股票,上市,電子零組件業,嘉澤(3533)
3535,晶彩科,股票,上市,光電業,晶彩科(3535)
3543,州巧,股票,上市,光電業,州巧(3543)
3545,敦泰,股票,上市,半導體業,敦泰(3545)
3550,聯穎,股票,上市,電子零組件業,聯穎(3550)
3557,嘉威,股票,上市,居家生活,嘉威(3557)
3563,牧德,股票,上市,光電業,牧德(3563)
3576,聯合再生,股票,上市,光電業,聯合再生(3576)
3583,辛耘,股票,上市,半導體業,辛耘(3583)
3588,通嘉,股票,上市,半導體業,通嘉(3588)
3591,艾笛森,股票,上市,光電業,艾笛森(3591)
3592,瑞鼎,股票,上市,半導體業,瑞鼎(3592)
3593,力銘,股票,上市,電子零組件業,力銘(3593)
3596,智易,股票,上市,通信網路業,智易(3596)
3605,宏致,股票,上市,電子零組件業,宏致(3605)
3607,谷崧,股票,上市,電子零組件業,谷崧(3607)
3617,碩天,股票,上市,其他電子業,碩天(3617)
3622,洋華,股票,上市,光電業,洋華(3622)
3645,達邁,股票,上市,電子零組件業,達邁(3645)
3652,精聯,股票,上市,電腦及週邊設備業,精聯(3652)
3653,健策,股票,上市,電子零組件業,健策(3653)
3661,世芯-KY,股票,上市,半導體業,世芯-KY(3661)
3665,貿聯-KY,股票,上市,其他電子業,貿聯-KY(3665)
3669,圓展,股票,上市,通信網路業,圓展(3669)
3673,TPK-KY,股票,上市,光電業,TPK-KY(3673)
3679,新至陞,股票,上市,電子零組件業,新至陞(3679)
3686,達能,股票,上市,半導體業,達能(3686)
3694,海華,股票,上市,通信網路業,海華(3694)
3701,大眾控,股票,上市,電腦及週邊設備業,大眾控(3701)
3702,大聯大,股票,上市,電子通路業,大聯大(3702)
3703,欣陸,股票,上市,建材營造業,欣陸(3703)
3704,合勤控,股票,上市,通信網路業,合勤控(3704)
3705,永信,股票,上市,生技醫療業,永信(3705)
3706,神達,股票,上市,電腦及週邊設備業,神達(3706)
3708,上緯投控,股票,上市,綠能環保,上緯投控(3708)
3711,日月光投控,股票,上市,半導體業,日月光投控(3711)
3712,永崴投控,股票,上市,電腦及週邊設備業,永崴投控(3712)
3714,富采,股票,上市,光電業,富采(3714)
3715,定穎投控,股票,上市,電子零組件業,定穎投控(3715)
3716,中化控股,股票,上市,生技醫療業,中化控股(3716)
4104,佳醫,股票,上市,生技醫療業,佳醫(4104)
4106,雃博,股票,上市,生技醫療業,雃博(4106)
4108,懷特,股票,上市,生技醫療業,懷特(4108)
4119,旭富,股票,上市,生技醫療業,旭富(4119)
4133,亞諾法,股票,上市,生技醫療業,亞諾法(4133)
4137,麗豐-KY,股票,上市,生技醫療業,麗豐-KY(4137)
4142,國光生,股票,上市,生技醫療業,國光生(4142)
4148,全宇生技-KY,股票,上市,生技醫療業,全宇生技-KY(4148)
4155,訊映,股票,上市,生技醫療業,訊映(4155)
4164,承業醫,股票,上市,生技醫療業,承業醫(4164)
4190,佐登-KY,股票,上市,生技醫療業,佐登-KY(4190)
4306,炎洲,股票,上市,塑膠工業,炎洲(4306)
4414,如興,股票,上市,紡織纖維,如興(4414)
4426,利勤,股票,上市,紡織纖維,利勤(4426)
4438,廣越,股票,上市,紡織纖維,廣越(4438)
4439,冠星-KY,股票,上市,紡織纖維,冠星-KY(4439)
4440,宜新實業,股票,上市,紡織纖維,宜新實業(4440)
4526,東台,股票,上市,電機機械,東台(4526)
4532,瑞智,股票,上市,電機機械,瑞智(4532)
4536,拓凱,股票,上市,運動休閒,拓凱(4536)
4540,全球傳動,股票,上市,電機機械,全球傳動(4540)
4545,銘鈺,股票,上市,電子零組件業,銘鈺(4545)
4551,智伸科,股票,上市,汽車工業,智伸科(4551)
4552,力達-KY,股票,上市,電機機械,力達-KY(4552)
4555,氣立,股票,上市,電機機械,氣立(4555)
4557,永新-KY,股票,上市,汽車工業,永新-KY(4557)
4560,強信-KY,股票,上市,電機機械,強信-KY(4560)
4562,穎漢,股票,上市,電機機械,穎漢(4562)
4564,元翎,股票,上市,電機機械,元翎(4564)
4566,時碩工業,股票,上市,電機機械,時碩工業(4566)
4569,六方科-KY,股票,上市,汽車工業,六方科-KY(4569)
4571,鈞興-KY,股票,上市,電機機械,鈞興-KY(4571)
4572,駐龍,股票,上市,電機機械,駐龍(4572)
4576,大銀微系統,股票,上市,電機機械,大銀微系統(4576)
4581,光隆精密-KY,股票,上市,汽車工業,光隆精密-KY(4581)
4583,台灣精銳,股票,上市,電機機械,台灣精銳(4583)
4588,玖鼎電力,股票,上市,其他電子業,玖鼎電力(4588)
4720,德淵,股票,上市,化學工業,德淵(4720)
4722,國精化,股票,上市,化學工業,國精化(4722)
4736,泰博,股票,上市,生技醫療業,泰博(4736)
4737,華廣,股票,上市,生技醫療業,華廣(4737)
4739,康普,股票,上市,化學工業,康普(4739)
4746,台耀,股票,上市,生技醫療業,台耀(4746)
4755,三福化,股票,上市,化學工業,三福化(4755)
4763,材料-KY,股票,上市,化學工業,材料-KY(4763)
4764,雙鍵,股票,上市,化學工業,雙鍵(4764)
4766,南寶,股票,上市,化學工業,南寶(4766)
4770,上品,股票,上市,化學工業,上品(4770)
4771,望隼,股票,上市,生技醫療業,望隼(4771)
4807,日成-KY,股票,上市,貿易百貨業,日成-KY(4807)
4904,遠傳,股票,上市,通信網路業,遠傳(4904)
4906,正文,股票,上市,通信網路業,正文(4906)
4912,聯德控股-KY,股票,上市,電子零組件業,聯德控股-KY(4912)
4915,致伸,股票,上市,電子零組件業,致伸(4915)
4916,事欣科,股票,上市,電腦及週邊設備業,事欣科(4916)
4919,新唐,股票,上市,半導體業,新唐(4919)
4927,泰鼎-KY,股票,上市,電子零組件業,泰鼎-KY(4927)
4930,燦星網,股票,上市,電器電纜,燦星網(4930)
4934,太極,股票,上市,光電業,太極(4934)
4935,茂林-KY,股票,上市,光電業,茂林-KY(4935)
4938,和碩,股票,上市,電腦及週邊設備業,和碩(4938)
4942,嘉彰,股票,上市,光電業,嘉彰(4942)
4943,康控-KY,股票,上市,電子零組件業,康控-KY(4943)
4949,有成精密,股票,上市,光電業,有成精密(4949)
4952,凌通,股票,上市,半導體業,凌通(4952)
4956,光鋐,股票,上市,光電業,光鋐(4956)
4958,臻鼎-KY,股票,上市,電子零組件業,臻鼎-KY(4958)
4960,誠美材,股票,上市,光電業,誠美材(4960)
4961,天鈺,股票,上市,半導體業,天鈺(4961)
4967,十銓,股票,上市,半導體業,十銓(4967)
4968,立積,股票,上市,半導體業,立積(4968)
4976,佳凌,股票,上市,光電業,佳凌(4976)
4977,眾達-KY,股票,上市,通信網路業,眾達-KY(4977)
4989,榮科,股票,上市,電子零組件業,榮科(4989)
4994,傳奇,股票,上市,資訊服務業,傳奇(4994)
4999,鑫禾,股票,上市,電子零組件業,鑫禾(4999)
5007,三星,股票,上市,鋼鐵工業,三星(5007)
5203,訊連,股票,上市,資訊服務業,訊連(5203)
5215,科嘉-KY,股票,上市,電腦及週邊設備業,科嘉-KY(5215)
5222,全訊,股票,上市,半導體業,全訊(5222)
5225,東科-KY,股票,上市,其他電子業,東科-KY(5225)
5234,達興材料,股票,上市,光電業,達興材料(5234)
5243,乙盛-KY,股票,上市,光電業,乙盛-KY(5243)
5244,弘凱,股票,上市,光電業,弘凱(5244)
5258,虹堡,股票,上市,電腦及週邊設備業,虹堡(5258)
5269,祥碩,股票,上市,半導體業,祥碩(5269)
5283,禾聯碩,股票,上市,電器電纜,禾聯碩(5283)
5284,jpp-KY,股票,上市,其他業,jpp-KY(5284)
5285,界霖,股票,上市,半導體業,界霖(5285)
5288,豐祥-KY,股票,上市,電機機械,豐祥-KY(5288)
5292,華懋,股票,上市,綠能環保,華懋(5292)
5306,桂盟,股票,上市,運動休閒,桂盟(5306)
5388,中磊,股票,上市,通信網路業,中磊(5388)
5434,崇越,股票,上市,電子通路業,崇越(5434)
5469,瀚宇博,股票,上市,電子零組件業,瀚宇博(5469)
5471,松翰,股票,上市,半導體業,松翰(5471)
5484,慧友,股票,上市,光電業,慧友(5484)
5515,建國,股票,上市,建材營造業,建國(5515)
5519,隆大,股票,上市,建材營造業,隆大(5519)
5521,工信,股票,上市,建材營造業,工信(5521)
5522,遠雄,股票,上市,建材營造業,遠雄(5522)
5525,順天,股票,上市,建材營造業,順天(5525)
5531,鄉林,股票,上市,建材營造業,鄉林(5531)
5533,皇鼎,股票,上市,建材營造業,皇鼎(5533)
5534,長虹,股票,上市,建材營造業,長虹(5534)
5538,東明-KY,股票,上市,鋼鐵工業,東明-KY(5538)
5546,永固-KY,股票,上市,建材營造業,永固-KY(5546)
5607,遠雄港,股票,上市,航運業,遠雄港(5607)
5608,四維航,股票,上市,航運業,四維航(5608)
5706,鳳凰,股票,上市,觀光餐旅,鳳凰(5706)
5871,中租-KY,股票,上市,其他業,中租-KY(5871)
5876,上海商銀,股票,上市,金融保險業,上海商銀(5876)
5880,合庫金,股票,上市,金融保險業,合庫金(5880)
5906,台南-KY,股票,上市,貿易百貨業,台南-KY(5906)
5907,大洋-KY,股票,上市,貿易百貨業,大洋-KY(5907)
6005,群益證,股票,上市,金融保險業,群益證(6005)
6024,群益期,股票,上市,金融保險業,群益期(6024)
6108,競國,股票,上市,電子零組件業,競國(6108)
6112,邁達特,股票,上市,資訊服務業,邁達特(6112)
6115,鎰勝,股票,上市,電子零組件業,鎰勝(6115)
6116,彩晶,股票,上市,光電業,彩晶(6116)
6117,迎廣,股票,上市,電腦及週邊設備業,迎廣(6117)
6120,達運,股票,上市,光電業,達運(6120)
6128,上福,股票,上市,電腦及週邊設備業,上福(6128)
6133,金橋,股票,上市,電子零組件業,金橋(6133)
6136,富爾特,股票,上市,通信網路業,富爾特(6136)
6139,亞翔,股票,上市,其他電子業,亞翔(6139)
6141,柏承,股票,上市,電子零組件業,柏承(6141)
6142,友勁,股票,上市,通信網路業,友勁(6142)
6152,百一,股票,上市,通信網路業,百一(6152)
6153,嘉聯益,股票,上市,電子零組件業,嘉聯益(6153)
6155,鈞寶,股票,上市,電子零組件業,鈞寶(6155)
6164,華興,股票,上市,光電業,華興(6164)
6165,浪凡,股票,上市,數位雲端,浪凡(6165)
6166,凌華,股票,上市,電腦及週邊設備業,凌華(6166)
6168,宏齊,股票,上市,光電業,宏齊(6168)
6176,瑞儀,股票,上市,光電業,瑞儀(6176)
6177,達麗,股票,上市,建材營造業,達麗(6177)
6183,關貿,股票,上市,資訊服務業,關貿(6183)
6184,大豐電,股票,上市,其他業,大豐電(6184)
6189,豐藝,股票,上市,電子通路業,豐藝(6189)
6191,精成科,股票,上市,電子零組件業,精成科(6191)
6192,巨路,股票,上市,其他電子業,巨路(6192)
6196,帆宣,股票,上市,其他電子業,帆宣(6196)
6197,佳必琪,股票,上市,電子零組件業,佳必琪(6197)
6201,亞弘電,股票,上市,其他電子業,亞弘電(6201)
6202,盛群,股票,上市,半導體業,盛群(6202)
6205,詮欣,股票,上市,電子零組件業,詮欣(6205)
6206,飛捷,股票,上市,電腦及週邊設備業,飛捷(6206)
6209,今國光,股票,上市,光電業,今國光(6209)
6213,聯茂,股票,上市,電子零組件業,聯茂(6213)
6214,精誠,股票,上市,資訊服務業,精誠(6214)
6215,和椿,股票,上市,其他電子業,和椿(6215)
6216,居易,股票,上市,通信網路業,居易(6216)
6224,聚鼎,股票,上市,電子零組件業,聚鼎(6224)
6225,天瀚,股票,上市,光電業,天瀚(6225)
6226,光鼎,股票,上市,光電業,光鼎(6226)
6230,尼得科超眾,股票,上市,電腦及週邊設備業,尼得科超眾(6230)
6235,華孚,股票,上市,電腦及週邊設備業,華孚(6235)
6239,力成,股票,上市,半導體業,力成(6239)
6243,迅杰,股票,上市,半導體業,迅杰(6243)
6257,矽格,股票,上市,半導體業,矽格(6257)
6269,台郡,股票,上市,電子零組件業,台郡(6269)
6271,同欣電,股票,上市,半導體業,同欣電(6271)
6277,宏正,股票,上市,電腦及週邊設備業,宏正(6277)
6278,台表科,股票,上市,光電業,台表科(6278)
6281,全國電,股票,上市,電子通路業,全國電(6281)
6282,康舒,股票,上市,電子零組件業,康舒(6282)
6283,淳安,股票,上市,其他電子業,淳安(6283)
6285,啟碁,股票,上市,通信網路業,啟碁(6285)
6288,聯嘉,股票,上市,汽車工業,聯嘉(6288)
6405,悅城,股票,上市,光電業,悅城(6405)
6409,旭隼,股票,上市,其他電子業,旭隼(6409)
6412,群電,股票,上市,電子零組件業,群電(6412)
6414,樺漢,股票,上市,電腦及週邊設備業,樺漢(6414)
6415,矽力*-KY,股票,上市,半導體業,矽力*-KY(6415)
6416,瑞祺電通,股票,上市,通信網路業,瑞祺電通(6416)
6426,統新,股票,上市,通信網路業,統新(6426)
6431,光麗-KY,股票,上市,生技醫療業,光麗-KY(6431)
6438,迅得,股票,上市,其他電子業,迅得(6438)
6442,光聖,股票,上市,通信網路業,光聖(6442)
6443,元晶,股票,上市,光電業,元晶(6443)
6446,藥華藥,股票,上市,生技醫療業,藥華藥(6446)
6449,鈺邦,股票,上市,電子零組件業,鈺邦(6449)
6451,訊芯-KY,股票,上市,半導體業,訊芯-KY(6451)
6456,GIS-KY,股票,上市,光電業,GIS-KY(6456)
6464,台數科,股票,上市,其他業,台數科(6464)
6472,保瑞,股票,上市,生技醫療業,保瑞(6472)
6477,安集,股票,上市,光電業,安集(6477)
6491,晶碩,股票,上市,生技醫療業,晶碩(6491)
6504,南六,股票,上市,其他業,南六(6504)
6505,台塑化,股票,上市,油電燃氣業,台塑化(6505)
6515,穎崴,股票,上市,半導體業,穎崴(6515)
6525,捷敏-KY,股票,上市,半導體業,捷敏-KY(6525)
6526,達發,股票,上市,半導體業,達發(6526)
6531,愛普*,股票,上市,半導體業,愛普*(6531)
6533,晶心科,股票,上市,半導體業,晶心科(6533)
6541,泰福-KY,股票,上市,生技醫療業,泰福-KY(6541)
6550,北極星藥業-KY,股票,上市,生技醫療業,北極星藥業-KY(6550)
6552,易華電,股票,上市,半導體業,易華電(6552)
6558,興能高,股票,上市,其他電子業,興能高(6558)
6573,虹揚-KY,股票,上市,半導體業,虹揚-KY(6573)
6579,研揚,股票,上市,電腦及週邊設備業,研揚(6579)
6581,鋼聯,股票,上市,綠能環保,鋼聯(6581)
6582,申豐,股票,上市,橡膠工業,申豐(6582)
6585,鼎基,股票,上市,其他業,鼎基(6585)
6591,動力-KY,股票,上市,電腦及週邊設備業,動力-KY(6591)
6592,和潤企業,股票,上市,其他業,和潤企業(6592)
6598,ABC-KY,股票,上市,生技醫療業,ABC-KY(6598)
6605,帝寶,股票,上市,汽車工業,帝寶(6605)
6606,建德工業,股票,上市,電機機械,建德工業(6606)
6625,必應,股票,上市,其他業,必應(6625)
6641,基士德-KY,股票,上市,綠能環保,基士德-KY(6641)
6655,科定,股票,上市,其他業,科定(6655)
6657,華安,股票,上市,生技醫療業,華安(6657)
6658,聯策,股票,上市,其他電子業,聯策(6658)
6666,羅麗芬-KY,股票,上市,生技醫療業,羅麗芬-KY(6666)
6668,中揚光,股票,上市,光電業,中揚光(6668)
6669,緯穎,股票,上市,電腦及週邊設備業,緯穎(6669)
6670,復盛應用,股票,上市,運動休閒,復盛應用(6670)
6671,三能-KY,股票,上市,居家生活,三能-KY(6671)
6672,騰輝電子-KY,股票,上市,電子零組件業,騰輝電子-KY(6672)
6674,鋐寶科技,股票,上市,通信網路業,鋐寶科技(6674)
6689,伊雲谷,股票,上市,數位雲端,伊雲谷(6689)
6691,洋基工程,股票,上市,其他電子業,洋基工程(6691)
6695,芯鼎,股票,上市,半導體業,芯鼎(6695)
6698,旭暉應材,股票,上市,其他電子業,旭暉應材(6698)
6706,惠特,股票,上市,光電業,惠特(6706)
6715,嘉基,股票,上市,電子零組件業,嘉基(6715)
6719,力智,股票,上市,半導體業,力智(6719)
6742,澤米,股票,上市,光電業,澤米(6742)
6743,安普新,股票,上市,其他電子業,安普新(6743)
6753,龍德造船,股票,上市,航運業,龍德造船(6753)
6754,匯僑設計,股票,上市,居家生活,匯僑設計(6754)
6756,威鋒電子,股票,上市,半導體業,威鋒電子(6756)
6768,志強-KY,股票,上市,運動休閒,志強-KY(6768)
6770,力積電,股票,上市,半導體業,力積電(6770)
6776,展碁國際,股票,上市,電子通路業,展碁國際(6776)
6781,AES-KY,股票,上市,電子零組件業,AES-KY(6781)
6782,視陽,股票,上市,生技醫療業,視陽(6782)
6789,采鈺,股票,上市,半導體業,采鈺(6789)
6790,永豐實,股票,上市,造紙工業,永豐實(6790)
6792,詠業,股票,上市,通信網路業,詠業(6792)
6796,晉弘,股票,上市,生技醫療業,晉弘(6796)
6799,來頡,股票,上市,半導體業,來頡(6799)
6805,富世達,股票,上市,電子零組件業,富世達(6805)
6806,森崴能源,股票,上市,綠能環保,森崴能源(6806)
6807,峰源-KY,股票,上市,居家生活,峰源-KY(6807)
6830,汎銓,股票,上市,其他電子業,汎銓(6830)
6834,天二科技,股票,上市,電子零組件業,天二科技(6834)
6835,圓裕,股票,上市,電子零組件業,圓裕(6835)
6838,台新藥,股票,上市,生技醫療業,台新藥(6838)
6861,睿生光電,股票,上市,生技醫療業,睿生光電(6861)
6862,三集瑞-KY,股票,上市,電子零組件業,三集瑞-KY(6862)
6863,永道-KY,股票,上市,通信網路業,永道-KY(6863)
6869,雲豹能源,股票,上市,綠能環保,雲豹能源(6869)
6873,泓德能源,股票,上市,綠能環保,泓德能源(6873)
6890,來億-KY,股票,上市,運動休閒,來億-KY(6890)
6901,鑽石投資,股票,上市,其他業,鑽石投資(6901)
6906,現觀科,股票,上市,數位雲端,現觀科(6906)
6914,阜爾運通,股票,上市,其他業,阜爾運通(6914)
6916,華凌,股票,上市,光電業,華凌(6916)
6919,康霈*,股票,上市,生技醫療業,康霈*(6919)
6923,中台,股票,上市,綠能環保,中台(6923)
6928,攸泰科技,股票,上市,電腦及週邊設備業,攸泰科技(6928)
6933,AMAX-KY,股票,上市,電腦及週邊設備業,AMAX-KY(6933)
6937,天虹,股票,上市,半導體業,天虹(6937)
6952,大武山,股票,上市,其他業,大武山(6952)
6957,裕慶-KY,股票,上市,其他業,裕慶-KY(6957)
6958,日盛台駿,股票,上市,其他業,日盛台駿(6958)
8011,台通,股票,上市,通信網路業,台通(8011)
8016,矽創,股票,上市,半導體業,矽創(8016)
8021,尖點,股票,上市,其他電子業,尖點(8021)
8028,昇陽半導體,股票,上市,半導體業,昇陽半導體(8028)
8033,雷虎,股票,上市,其他業,雷虎(8033)
8039,台虹,股票,上市,電子零組件業,台虹(8039)
8046,南電,股票,上市,電子零組件業,南電(8046)
8070,長華*,股票,上市,電子通路業,長華*(8070)
8072,陞泰,股票,上市,電子通路業,陞泰(8072)
8081,致新,股票,上市,半導體業,致新(8081)
8101,華冠,股票,上市,通信網路業,華冠(8101)
8103,瀚荃,股票,上市,電子零組件業,瀚荃(8103)
8104,錸寶,股票,上市,光電業,錸寶(8104)
8105,凌巨,股票,上市,光電業,凌巨(8105)
8110,華東,股票,上市,半導體業,華東(8110)
8112,至上,股票,上市,電子通路業,至上(8112)
8114,振樺電,股票,上市,電腦及週邊設備業,振樺電(8114)
8131,福懋科,股票,上市,半導體業,福懋科(8131)
8150,南茂,股票,上市,半導體業,南茂(8150)
8163,達方,股票,上市,電腦及週邊設備業,達方(8163)
8201,無敵,股票,上市,其他電子業,無敵(8201)
8210,勤誠,股票,上市,電腦及週邊設備業,勤誠(8210)
8213,志超,股票,上市,電子零組件業,志超(8213)
8215,明基材,股票,上市,光電業,明基材(8215)
8222,寶一,股票,上市,電機機械,寶一(8222)
8249,菱光,股票,上市,電子零組件業,菱光(8249)
8261,富鼎,股票,上市,半導體業,富鼎(8261)
8271,宇瞻,股票,上市,半導體業,宇瞻(8271)
8341,日友,股票,上市,綠能環保,日友(8341)
8367,建新國際,股票,上市,航運業,建新國際(8367)
8374,羅昇,股票,上市,電機機械,羅昇(8374)
8404,百和興業-KY,股票,上市,其他業,百和興業-KY(8404)
8411,福貞-KY,股票,上市,其他業,福貞-KY(8411)
8422,可寧衛,股票,上市,綠能環保,可寧衛(8422)
8429,金麗-KY,股票,上市,貿易百貨業,金麗-KY(8429)
8438,昶昕,股票,上市,綠能環保,昶昕(8438)
8442,威宏-KY,股票,上市,其他業,威宏-KY(8442)
8443,阿瘦,股票,上市,貿易百貨業,阿瘦(8443)
8454,富邦媒,股票,上市,數位雲端,富邦媒(8454)
8462,柏文,股票,上市,運動休閒,柏文(8462)
8463,潤泰材,股票,上市,其他業,潤泰材(8463)
8464,億豐,股票,上市,居家生活,億豐(8464)
8466,美吉吉-KY,股票,上市,其他業,美吉吉-KY(8466)
8467,波力-KY,股票,上市,運動休閒,波力-KY(8467)
8473,山林水,股票,上市,綠能環保,山林水(8473)
8476,台境*,股票,上市,綠能環保,台境*(8476)
8478,東哥遊艇,股票,上市,運動休閒,東哥遊艇(8478)
8481,政伸,股票,上市,其他業,政伸(8481)
8482,商億-KY,股票,上市,居家生活,商億-KY(8482)
8488,吉源-KY,股票,上市,其他業,吉源-KY(8488)
8499,鼎炫-KY,股票,上市,其他電子業,鼎炫-KY(8499)
8926,台汽電,股票,上市,油電燃氣業,台汽電(8926)
8940,新天地,股票,上市,觀光餐旅,新天地(8940)
8996,高力,股票,上市,電機機械,高力(8996)
9802,鈺齊-KY,股票,上市,運動休閒,鈺齊-KY(9802)
9902,台火,股票,上市,其他業,台火(9902)
9904,寶成,股票,上市,運動休閒,寶成(9904)
9905,大華,股票,上市,其他業,大華(9905)
9906,欣巴巴,股票,上市,建材營造業,欣巴巴(9906)
9907,統一實,股票,上市,其他業,統一實(9907)
9908,大台北,股票,上市,油電燃氣業,大台北(9908)
9910,豐泰,股票,上市,運動休閒,豐泰(9910)
9911,櫻花,股票,上市,居家生活,櫻花(9911)
9912,偉聯,股票,上市,電腦及週邊設備業,偉聯(9912)
9914,美利達,股票,上市,運動休閒,美利達(9914)
9917,中保科,股票,上市,其他業,中保科(9917)
9918,欣天然,股票,上市,油電燃氣業,欣天然(9918)
9919,康那香,股票,上市,其他業,康那香(9919)
9921,巨大,股票,上市,運動休閒,巨大(9921)
9924,福興,股票,上市,居家生活,福興(9924)
9925,新保,股票,上市,其他業,新保(9925)
9926,新海,股票,上市,油電燃氣業,新海(9926)
9927,泰銘,股票,上市,其他業,泰銘(9927)
9928,中視,股票,上市,其他業,中視(9928)
9929,秋雨,股票,上市,其他業,秋雨(9929)
9930,中聯資源,股票,上市,綠能環保,中聯資源(9930)
9931,欣高,股票,上市,油電燃氣業,欣高(9931)
9933,中鼎,股票,上市,其他業,中鼎(9933)
9934,成霖,股票,上市,居家生活,成霖(9934)
9935,慶豐富,股票,上市,居家生活,慶豐富(9935)
9937,全國,股票,上市,油電燃氣業,全國(9937)
9938,百和,股票,上市,其他業,百和(9938)
9939,宏全,股票,上市,其他業,宏全(9939)
9940,信義,股票,上市,其他業,信義(9940)
9941,裕融,股票,上市,其他業,裕融(9941)
9942,茂順,股票,上市,其他業,茂順(9942)
9943,好樂迪,股票,上市,觀光餐旅,好樂迪(9943)
9944,新麗,股票,上市,其他業,新麗(9944)
9945,潤泰新,股票,上市,其他業,潤泰新(9945)
9946,三發地產,股票,上市,建材營造業,三發地產(9946)
9955,佳龍,股票,上市,綠能環保,佳龍(9955)
9958,世紀鋼,股票,上市,鋼鐵工業,世紀鋼(9958)
2254,巨鎧精密-創,創新板,上市臺灣創新板,汽車工業,巨鎧精密-創(2254)
2258,鴻華先進-創,創新板,上市臺灣創新板,汽車工業,鴻華先進-創(2258)
2432,倚天酷碁-創,創新板,上市臺灣創新板,電腦及週邊設備業,倚天酷碁-創(2432)
3150,鈺寶-創,創新板,上市臺灣創新板,半導體業,鈺寶-創(3150)
6423,億而得-創,創新板,上市臺灣創新板,半導體業,億而得-創(6423)
6534,正瀚-創,創新板,上市臺灣創新板,生技醫療業,正瀚-創(6534)
6645,金萬林-創,創新板,上市臺灣創新板,生技醫療業,金萬林-創(6645)
6757,台灣虎航-創,創新板,上市臺灣創新板,航運業,台灣虎航-創(6757)
6771,平和環保-創,創新板,上市臺灣創新板,綠能環保,平和環保-創(6771)
6794,向榮生技-創,創新板,上市臺灣創新板,生技醫療業,向榮生技-創(6794)
6854,錼創科技-KY創,創新板,上市臺灣創新板,半導體業,錼創科技-KY創(6854)
6902,GOGOLOOK-創,創新板,上市臺灣創新板,數位雲端,GOGOLOOK-創(6902)
6949,沛爾生醫-創,創新板,上市臺灣創新板,生技醫療業,沛爾生醫-創(6949)
6951,青新-創,創新板,上市臺灣創新板,綠能環保,青新-創(6951)
6969,成信實業*-創,創新板,上市臺灣創新板,綠能環保,成信實業*-創(6969)
6988,威力暘-創,創新板,上市臺灣創新板,汽車工業,威力暘-創(6988)
8162,微矽電子-創,創新板,上市臺灣創新板,半導體業,微矽電子-創(8162)
8487,愛爾達-創,創新板,上市臺灣創新板,數位雲端,愛爾達-創(8487)
0050,元大台灣50,ETF,上市,,元大台灣50(0050)
0051,元大中型100,ETF,上市,,元大中型100(0051)
0052,富邦科技,ETF,上市,,富邦科技(0052)
0053,元大電子,ETF,上市,,元大電子(0053)
0055,元大MSCI金融,ETF,上市,,元大MSCI金融(0055)
0056,元大高股息,ETF,上市,,元大高股息(0056)
0057,富邦摩台,ETF,上市,,富邦摩台(0057)
0061,元大寶滬深,ETF,上市,,元大寶滬深(0061)
006203,元大MSCI台灣,ETF,上市,,元大MSCI台灣(006203)
006204,永豐臺灣加權,ETF,上市,,永豐臺灣加權(006204)
006205,富邦上証,ETF,上市,,富邦上証(006205)
006206,元大上證50,ETF,上市,,元大上證50(006206)
006207,復華滬深,ETF,上市,,復華滬深(006207)
006208,富邦台50,ETF,上市,,富邦台50(006208)
00625K,富邦上証+R,ETF,上市,,富邦上証+R(00625K)
00631L,元大台灣50正2,ETF,上市,,元大台灣50正2(00631L)
00632R,元大台灣50反1,ETF,上市,,元大台灣50反1(00632R)
00633L,富邦上証正2,ETF,上市,,富邦上証正2(00633L)
00634R,富邦上証反1,ETF,上市,,富邦上証反1(00634R)
00635U,期元大S&P黃金,ETF,上市,,期元大S&P黃金(00635U)
00636,國泰中國A50,ETF,上市,,國泰中國A50(00636)
00636K,國泰中國A50+U,ETF,上市,,國泰中國A50+U(00636K)
00637L,元大滬深300正2,ETF,上市,,元大滬深300正2(00637L)
00638R,元大滬深300反1,ETF,上市,,元大滬深300反1(00638R)
00639,富邦深100,ETF,上市,,富邦深100(00639)
00640L,富邦日本正2,ETF,上市,,富邦日本正2(00640L)
00641R,富邦日本反1,ETF,上市,,富邦日本反1(00641R)
00642U,期元大S&P石油,ETF,上市,,期元大S&P石油(00642U)
00643,群益深証中小,ETF,上市,,群益深証中小(00643)
00643K,群益深証中小+R,ETF,上市,,群益深証中小+R(00643K)
00645,富邦日本,ETF,上市,,富邦日本(00645)
00646,元大S&P500,ETF,上市,,元大S&P500(00646)
00647L,元大S&P500正2,ETF,上市,,元大S&P500正2(00647L)
00648R,元大S&P500反1,ETF,上市,,元大S&P500反1(00648R)
00650L,復華香港正2,ETF,上市,,復華香港正2(00650L)
00651R,復華香港反1,ETF,上市,,復華香港反1(00651R)
00652,富邦印度,ETF,上市,,富邦印度(00652)
00653L,富邦印度正2,ETF,上市,,富邦印度正2(00653L)
00654R,富邦印度反1,ETF,上市,,富邦印度反1(00654R)
00655L,國泰中國A50正2,ETF,上市,,國泰中國A50正2(00655L)
00656R,國泰中國A50反1,ETF,上市,,國泰中國A50反1(00656R)
00657,國泰日經225,ETF,上市,,國泰日經225(00657)
00657K,國泰日經225+U,ETF,上市,,國泰日經225+U(00657K)
00660,元大歐洲50,ETF,上市,,元大歐洲50(00660)
00661,元大日經225,ETF,上市,,元大日經225(00661)
00662,富邦NASDAQ,ETF,上市,,富邦NASDAQ(00662)
00663L,國泰臺灣加權正2,ETF,上市,,國泰臺灣加權正2(00663L)
00664R,國泰臺灣加權反1,ETF,上市,,國泰臺灣加權反1(00664R)
00665L,富邦恒生國企正2,ETF,上市,,富邦恒生國企正2(00665L)
00666R,富邦恒生國企反1,ETF,上市,,富邦恒生國企反1(00666R)
00668,國泰美國道瓊,ETF,上市,,國泰美國道瓊(00668)
00668K,國泰美國道瓊+U,ETF,上市,,國泰美國道瓊+U(00668K)
00669R,國泰美國道瓊反1,ETF,上市,,國泰美國道瓊反1(00669R)
00670L,富邦NASDAQ正2,ETF,上市,,富邦NASDAQ正2(00670L)
00671R,富邦NASDAQ反1,ETF,上市,,富邦NASDAQ反1(00671R)
00673R,期元大S&P原油反1,ETF,上市,,期元大S&P原油反1(00673R)
00674R,期元大S&P黃金反1,ETF,上市,,期元大S&P黃金反1(00674R)
00675L,富邦臺灣加權正2,ETF,上市,,富邦臺灣加權正2(00675L)
00676R,富邦臺灣加權反1,ETF,上市,,富邦臺灣加權反1(00676R)
00678,群益那斯達克生技,ETF,上市,,群益那斯達克生技(00678)
00680L,元大美債20正2,ETF,上市,,元大美債20正2(00680L)
00681R,元大美債20反1,ETF,上市,,元大美債20反1(00681R)
00682U,期元大美元指數,ETF,上市,,期元大美元指數(00682U)
00683L,期元大美元指正2,ETF,上市,,期元大美元指正2(00683L)
00684R,期元大美元指反1,ETF,上市,,期元大美元指反1(00684R)
00685L,群益臺灣加權正2,ETF,上市,,群益臺灣加權正2(00685L)
00686R,群益臺灣加權反1,ETF,上市,,群益臺灣加權反1(00686R)
00688L,國泰20年美債正2,ETF,上市,,國泰20年美債正2(00688L)
00689R,國泰20年美債反1,ETF,上市,,國泰20年美債反1(00689R)
00690,兆豐藍籌30,ETF,上市,,兆豐藍籌30(00690)
00692,富邦公司治理,ETF,上市,,富邦公司治理(00692)
00693U,期街口S&P黃豆,ETF,上市,,期街口S&P黃豆(00693U)
00700,富邦恒生國企,ETF,上市,,富邦恒生國企(00700)
00701,國泰股利精選30,ETF,上市,,國泰股利精選30(00701)
00702,國泰標普低波高息,ETF,上市,,國泰標普低波高息(00702)
00703,台新MSCI中國,ETF,上市,,台新MSCI中國(00703)
00706L,期元大S&P日圓正2,ETF,上市,,期元大S&P日圓正2(00706L)
00707R,期元大S&P日圓反1,ETF,上市,,期元大S&P日圓反1(00707R)
00708L,期元大S&P黃金正2,ETF,上市,,期元大S&P黃金正2(00708L)
00709,富邦歐洲,ETF,上市,,富邦歐洲(00709)
00710B,復華彭博非投等債,ETF,上市,,復華彭博非投等債(00710B)
00711B,復華彭博新興債,ETF,上市,,復華彭博新興債(00711B)
00712,復華富時不動產,ETF,上市,,復華富時不動產(00712)
00713,元大台灣高息低波,ETF,上市,,元大台灣高息低波(00713)
00714,群益道瓊美國地產,ETF,上市,,群益道瓊美國地產(00714)
00715L,期街口S&P布蘭特油正2,ETF,上市,,期街口S&P布蘭特油正2(00715L)
00717,富邦美國特別股,ETF,上市,,富邦美國特別股(00717)
00728,第一金工業30,ETF,上市,,第一金工業30(00728)
00730,富邦臺灣優質高息,ETF,上市,,富邦臺灣優質高息(00730)
00731,復華富時高息低波,ETF,上市,,復華富時高息低波(00731)
00733,富邦臺灣中小,ETF,上市,,富邦臺灣中小(00733)
00735,國泰臺韓科技,ETF,上市,,國泰臺韓科技(00735)
00736,國泰新興市場,ETF,上市,,國泰新興市場(00736)
00737,國泰AI+ROBO,ETF,上市,,國泰AI+ROBO(00737)
00738U,期元大道瓊白銀,ETF,上市,,期元大道瓊白銀(00738U)
00739,元大MSCI A股,ETF,上市,,元大MSCI A股(00739)
00752,中信中國50,ETF,上市,,中信中國50(00752)
00753L,中信中國50正2,ETF,上市,,中信中國50正2(00753L)
00757,統一FANG+,ETF,上市,,統一FANG+(00757)
00762,元大全球AI,ETF,上市,,元大全球AI(00762)
00763U,期街口道瓊銅,ETF,上市,,期街口道瓊銅(00763U)
00770,國泰北美科技,ETF,上市,,國泰北美科技(00770)
00771,元大US高息特別股,ETF,上市,,元大US高息特別股(00771)
00775B,新光投等債15+,ETF,上市,,新光投等債15+(00775B)
00783,富邦中証500,ETF,上市,,富邦中証500(00783)
00830,國泰費城半導體,ETF,上市,,國泰費城半導體(00830)
00850,元大臺灣ESG永續,ETF,上市,,元大臺灣ESG永續(00850)
00851,台新全球AI,ETF,上市,,台新全球AI(00851)
00852L,國泰美國道瓊正2,ETF,上市,,國泰美國道瓊正2(00852L)
00861,元大全球未來通訊,ETF,上市,,元大全球未來通訊(00861)
00865B,國泰US短期公債,ETF,上市,,國泰US短期公債(00865B)
00875,國泰網路資安,ETF,上市,,國泰網路資安(00875)
00876,元大全球5G,ETF,上市,,元大全球5G(00876)
00878,國泰永續高股息,ETF,上市,,國泰永續高股息(00878)
00881,國泰台灣5G+,ETF,上市,,國泰台灣5G+(00881)
00882,中信中國高股息,ETF,上市,,中信中國高股息(00882)
00885,富邦越南,ETF,上市,,富邦越南(00885)
00891,中信關鍵半導體,ETF,上市,,中信關鍵半導體(00891)
00892,富邦台灣半導體,ETF,上市,,富邦台灣半導體(00892)
00893,國泰智能電動車,ETF,上市,,國泰智能電動車(00893)
00894,中信小資高價30,ETF,上市,,中信小資高價30(00894)
00895,富邦未來車,ETF,上市,,富邦未來車(00895)
00896,中信綠能及電動車,ETF,上市,,中信綠能及電動車(00896)
00897,富邦基因免疫生技,ETF,上市,,富邦基因免疫生技(00897)
00898,國泰基因免疫革命,ETF,上市,,國泰基因免疫革命(00898)
00899,FT潔淨能源,ETF,上市,,FT潔淨能源(00899)
00900,富邦特選高股息30,ETF,上市,,富邦特選高股息30(00900)
00901,永豐智能車供應鏈,ETF,上市,,永豐智能車供應鏈(00901)
00902,中信電池及儲能,ETF,上市,,中信電池及儲能(00902)
00903,富邦元宇宙,ETF,上市,,富邦元宇宙(00903)
00904,新光臺灣半導體30,ETF,上市,,新光臺灣半導體30(00904)
00905,FT臺灣SMART,ETF,上市,,FT臺灣SMART(00905)
00907,永豐優息存股,ETF,上市,,永豐優息存股(00907)
00908,富邦入息REITs+,ETF,上市,,富邦入息REITs+(00908)
00909,國泰數位支付服務,ETF,上市,,國泰數位支付服務(00909)
00910,第一金太空衛星,ETF,上市,,第一金太空衛星(00910)
00911,兆豐洲際半導體,ETF,上市,,兆豐洲際半導體(00911)
00912,中信臺灣智慧50,ETF,上市,,中信臺灣智慧50(00912)
00913,兆豐台灣晶圓製造,ETF,上市,,兆豐台灣晶圓製造(00913)
00915,凱基優選高股息30,ETF,上市,,凱基優選高股息30(00915)
00916,國泰全球品牌50,ETF,上市,,國泰全球品牌50(00916)
00917,中信特選金融,ETF,上市,,中信特選金融(00917)
00918,大華優利高填息30,ETF,上市,,大華優利高填息30(00918)
00919,群益台灣精選高息,ETF,上市,,群益台灣精選高息(00919)
00920,富邦ESG綠色電力,ETF,上市,,富邦ESG綠色電力(00920)
00921,兆豐龍頭等權重,ETF,上市,,兆豐龍頭等權重(00921)
00922,國泰台灣領袖50,ETF,上市,,國泰台灣領袖50(00922)
00923,群益台ESG低碳50,ETF,上市,,群益台ESG低碳50(00923)
00924,復華S&P500成長,ETF,上市,,復華S&P500成長(00924)
00925,新光標普電動車,ETF,上市,,新光標普電動車(00925)
00926,凱基全球菁英55,ETF,上市,,凱基全球菁英55(00926)
00927,群益半導體收益,ETF,上市,,群益半導體收益(00927)
00929,復華台灣科技優息,ETF,上市,,復華台灣科技優息(00929)
00930,永豐ESG低碳高息,ETF,上市,,永豐ESG低碳高息(00930)
00932,兆豐永續高息等權,ETF,上市,,兆豐永續高息等權(00932)
00934,中信成長高股息,ETF,上市,,中信成長高股息(00934)
00935,野村臺灣新科技50,ETF,上市,,野村臺灣新科技50(00935)
00936,台新永續高息中小,ETF,上市,,台新永續高息中小(00936)
00938,凱基優選30,ETF,上市,,凱基優選30(00938)
00939,統一台灣高息動能,ETF,上市,,統一台灣高息動能(00939)
00940,元大台灣價值高息,ETF,上市,,元大台灣價值高息(00940)
00941,中信上游半導體,ETF,上市,,中信上游半導體(00941)
00943,兆豐電子高息等權,ETF,上市,,兆豐電子高息等權(00943)
00944,野村趨勢動能高息,ETF,上市,,野村趨勢動能高息(00944)
00945B,凱基美國非投等債,ETF,上市,,凱基美國非投等債(00945B)
00946,群益科技高息成長,ETF,上市,,群益科技高息成長(00946)
00947,台新臺灣IC設計,ETF,上市,,台新臺灣IC設計(00947)
00949,復華日本龍頭,ETF,上市,,復華日本龍頭(00949)
00951,台新日本半導體,ETF,上市,,台新日本半導體(00951)
00952,凱基台灣AI50,ETF,上市,,凱基台灣AI50(00952)
00953B,群益優選非投等債,ETF,上市,,群益優選非投等債(00953B)
00954,中信日本半導體,ETF,上市,,中信日本半導體(00954)
00956,中信日經高股息,ETF,上市,,中信日經高股息(00956)
00960,野村全球航運龍頭,ETF,上市,,野村全球航運龍頭(00960)
00961,FT臺灣永續高息,ETF,上市,,FT臺灣永續高息(00961)
00963,中信全球高股息,ETF,上市,,中信全球高股息(00963)
00964,中信亞太高股息,ETF,上市,,中信亞太高股息(00964)
